ALTER TABLE `char_cases` ADD `reason` TEXT NULL AFTER `rank`;
INSERT INTO `char_permissions` (`id`, `module_id`, `code`, `name`) VALUES (NULL, '4', 'sponsorship.case.searchFamilies', 'شاشة الأسر (البحث في حالات كافة الجمعيات)');



INSERT INTO `char_forms` (`id`, `organization_id`, `name`, `type`, `status`, `created_at`, `updated_at`, `deleted_at`) VALUES
(1, 1, 'استمارة مساعدات الحالة الاجتماعية', 1, 1, '2018-08-26 12:37:06', NULL, NULL),
(2, 1, 'استمارة كفالة اليتيم', 1, 1, '2018-08-26 12:37:06', NULL, NULL);
INSERT INTO `char_forms_elements` (`id`, `form_id`, `type`, `name`, `label`, `description`, `value`, `priority`, `weight`) VALUES
(1, 1, '1', 'name', 'الاسم باللغة العربية', 'حقل نصي يحتوي على حروف فقط لايزيد طوله عن 45 حرف', NULL, 4, 0),
(2, 1, '1', 'id_card_number', 'رقم الهوية', 'حقل رقمي لايزيد طوله عن 9 ارقام', NULL, 4, 0),
(3, 1, '4', 'gender', 'الجنس', 'حقل رقمي', NULL, 4, 0),
(4, 1, '1', 'birthday', 'تاريخ الميلاد', 'تاريخ', NULL, 4, 0),
(5, 1, '4', 'birth_place', 'مكان الميلاد', 'حقل رقمي', NULL, 4, 0),
(6, 1, '4', 'marital_status_id', 'الحالة الاجتماعية  لرب الأسرة', 'حقل رقمي', NULL, 4, 0),
(7, 1, '4', 'refugee', 'حالة المواطنة  لرب الأسرة', 'حقل رقمي', NULL, 3, 0),
(8, 1, '1', 'unrwa_card_number', 'رقم كرت المؤن', 'حقل رقمي', NULL, 3, 0),
(9, 1, '4', 'nationality', 'جنسية رب الأسرة', 'حقل رقمي', NULL, 4, 0),
(10, 1, '4', 'location', 'بيانات عنوان الأسرة', 'حقل رقمي', NULL, 4, 0),
(11, 1, '1', 'street_address', 'عنوان الشارع', 'حقل نصي', NULL, 4, 0),
(12, 1, '1', 'monthly_income', 'الدخل الشهري', 'حقل رقمي', NULL, 4, 0),
(13, 1, '1', 'primary_mobile', 'التواصل - رقم الجوال', 'حقل رقمي', NULL, 3, 0),
(14, 1, '1', 'secondary_mobile', 'التواصل - رقم الجوال الاحتياطي', 'حقل رقمي', NULL, 3, 0),
(15, 1, '1', 'phone', 'التواصل - رقم التلفون', 'حقل رقمي', NULL, 3, 0),
(16, 1, '4', 'working', 'رب الاسرة - العمل - هل يعمل', 'حقل رقمي', NULL, 4, 0),
(17, 1, '4', 'can_work', 'رب الاسرة - العمل - القدرة على العمل', 'حقل رقمي', NULL, 4, 0),
(18, 1, '4', 'work_reason_id', 'رب الاسرة - العمل - سبب عدم القدرة على العمل', 'حقل رقمي', NULL, 3, 0),
(19, 1, '4', 'work_job_id', 'رب الاسرة - العمل -  المسمى الوظيفي', 'حقل رقمي', NULL, 3, 0),
(20, 1, '4', 'work_status_id', 'رب الاسرة - العمل - حالة العمل', 'حقل رقمي', NULL, 3, 0),
(21, 1, '4', 'work_wage_id', 'رب الاسرة - العمل -  الدخل حسب الفئة', 'حقل رقمي', NULL, 3, 0),
(22, 1, '1', 'work_location', 'رب الاسرة - العمل -  مكان العمل', 'حقل نصي', NULL, 3, 0),
(23, 1, '4', 'banks', 'الحسابات البنكية لرب الأسرة', 'حقل رقمي', NULL, 3, 0),
(24, 1, '1', 'study', 'فرد العائلة - هل يدرس', 'نعم أو لا ', NULL, 3, 0),
(25, 1, '4', 'property_type_id', 'المسكن - ملكية المنزل', 'حقل رقمي', NULL, 4, 0),
(26, 1, '1', 'rent_value', 'المسكن - قيمة الايجار الشهري', 'حقل رقمي', NULL, 4, 0),
(27, 1, '4', 'roof_material_id', 'المسكن - سقف المنزل', 'حقل رقمي', NULL, 4, 0),
(28, 1, '4', 'residence_condition', 'المسكن - وضع المنزل', 'حقل رقمي', NULL, 4, 0),
(29, 1, '4', 'indoor_condition', 'المسكن - وضع الأثاث', 'حقل رقمي', NULL, 3, 0),
(30, 1, '4', 'habitable', 'المسكن - حالة المنزل', 'حقل رقمي', NULL, 3, 0),
(31, 1, '4', 'house_condition', 'المسكن - صلاحية المنزل', 'حقل رقمي', NULL, 3, 0),
(32, 1, '1', 'rooms', 'المسكن - عدد الغرف', 'حقل رقمي', NULL, 3, 0),
(33, 1, '1', 'area', 'المسكن - المساحة بالمتر', 'حقل رقمي', NULL, 3, 0),
(34, 1, '4', 'essential_condition', 'أثاث المنزل', 'حقل رقمي', NULL, 3, 0),
(35, 1, '4', 'financial_aid_condition', 'المساعدة النقدية', '', NULL, 3, 0),
(36, 1, '1', 'non_financial_aid_condition', 'المساعدات العينية', '', NULL, 3, 0),
(37, 1, '4', 'properties_condition', ' العقارات و الأملاك ', '', NULL, 3, 0),
(38, 1, '4', 'reconstructions_promised', 'وعد العائلة بالبناء', 'حقل رقمي', NULL, 3, 0),
(39, 1, '1', 'reconstructions_organization_name', 'المؤسسة التي وعدت بالبناء للعائلة', 'حقل نصي', NULL, 3, 0),
(40, 1, '1', 'case_needs', 'احتياجات العائلة', 'مساحة نصية', NULL, 3, 0),
(41, 1, '1', 'notes', 'توصيات الباحث الاجتماعي', 'مساحة نصية', NULL, 3, 0),
(42, 1, '3', 'visitor', 'اسم الباحث الاجتماعي', 'حقل نصي', NULL, 3, 0),
(43, 1, '1', 'visited_at', 'تاريخ زيارة الباحث الاجتماعي', 'تاريخ', NULL, 3, 0),
(44, 1, '3', 'kinship_id', 'فرد العائلة - صلة القرابة', ' ', NULL, 3, 0),
(45, 1, '4', 'authority', 'فرد العائلة - الجهة المشرفة على التعليم', ' ', NULL, 3, 0),
(46, 1, '4', 'degree', 'فرد العائلة - الدرجة العلمية', ' ', NULL, 3, 0),
(47, 1, '4', 'stage', 'فرد العائلة -المرحلة الدارسية', ' ', NULL, 3, 0),
(48, 1, '4', 'grade', 'فرد العائلة - الصف ', ' ', NULL, 3, 0),
(49, 1, '1', 'school', 'فرد العائلة - المؤسسة التعليمية', ' ', NULL, 3, 0),
(50, 1, '4', 'fm_working', 'فرد العائلة - حالة العمل', ' ', NULL, 3, 0),
(51, 1, '4', 'fm_work_job_id', 'فرد العائلة - الوظيفة / المهنة', ' ', NULL, 3, 0),
(52, 1, '4', 'fm_monthly_income', 'فرد العائلة - الدخل الشهري', ' ', NULL, 3, 0),
(53, 1, '4', 'condition', 'فرد العائلة - الحالة الصحية', ' ', NULL, 3, 0),
(54, 1, '4', 'disease_id', 'فرد العائلة - المرض أو الاعاقة', ' ', NULL, 3, 0),
(55, 1, '1', 'details', 'فرد العائلة - تفاصيل الحالة الصحية', ' ', NULL, 3, 0),
(56, 2, '1', 'name', 'الاسم باللغة العربية', 'حقل نصي يحتوي على حروف فقط لايزيد طوله عن 45 حرف', NULL, 4, 0),
(57, 2, '1', 'id_card_number', 'رقم الهوية', 'حقل رقمي', NULL, 4, 0),
(58, 2, '1', 'birthday', 'تاريخ الميلاد', '', NULL, 4, 0),
(59, 2, '1', 'working', 'هل يعمل', 'حقل رقمي', NULL, 4, 0),
(60, 2, '1', 'work_job', 'نوع العمل', '', NULL, 4, 0),
(61, 2, '1', 'work_location', 'مكان العمل', 'الخاص بالأم', NULL, 4, 0),
(62, 2, '1', 'monthly_income', 'الدخل الشهري', '', NULL, 4, 0),
(63, 2, '1', 'specialization', 'التخصص', 'حقل رقمي', NULL, 4, 0),
(64, 2, '1', 'degree', 'المؤهل العلمي ( الأب )', 'حقل رقمي', NULL, 4, 0),
(65, 2, '1', 'death_date', 'تاريخ الوفاة ( الأب )', '', NULL, 4, 0),
(66, 2, '1', 'death_cause', 'سبب الوفاة ( الأب )', 'حقل رقمي', NULL, 4, 0),
(67, 2, '1', 'spouses', 'عدد الزوجات', 'حقل رقمي', NULL, 4, 0),
(68, 2, '1', 'father_condition', 'الحالة الصحية ( الأب)', '', NULL, 4, 0),
(69, 2, '1', 'father_disease', 'نوع المرض ( الأب )', '', NULL, 4, 0),
(70, 2, '1', 'father_details', 'تفاصيل المرض/الإعاقة ( الأب )', '', NULL, 4, 0),
(71, 2, '1', 'mother_marital_status', 'الحالة الإجتماعية-الوالدة', 'حقل رقمي', NULL, 4, 0),
(72, 2, '1', 'alive', 'على قيد الحياة', '', NULL, 4, 0),
(73, 2, '1', 'mother_death_date', 'تاريخ الوفاة -الوالدة', 'تاريخ الوفاة للام', NULL, 4, 0),
(74, 2, '1', 'mother_death_cause', 'سبب الوفاة-الوالدة', 'سبب الوفاة', NULL, 4, 0),
(75, 2, '1', 'mother_condition', 'الحالة الصحية ( الأم )', '', NULL, 4, 0),
(76, 2, '1', 'mother_disease', 'نوع المرض ( الأم )', '', NULL, 4, 0),
(77, 2, '1', 'mother_details', 'تفاصيل المرض/الإعاقة  ( الأم )', '', NULL, 4, 0),
(78, 2, '1', 'mother_nationality', 'جنسية الأم', 'حقل نصي', NULL, 4, 0),
(79, 2, '1', 'mother_stage', 'المرحلة الدراسية -الوالدة', 'حقل رقمي', NULL, 4, 0),
(80, 2, '1', 'mother_prev_family_name', 'اسم العائلة سابقا ( الأم )', 'حقل نصي', NULL, 4, 0),
(81, 2, '1', 'WhoIsGuardian', 'من هو المعيل ؟', '', NULL, 4, 0),
(82, 2, '1', 'guardian_kinship', 'صلة القرابة - المعيل', '', NULL, 4, 0),
(83, 2, '1', 'guardian_stage', 'المرحلة الدراسية - المعيل', '', NULL, 4, 0),
(84, 2, '1', 'guardian_marital_status', 'الحالة الاجتماعية ( المعيل )', 'حقل رقمي', NULL, 4, 0),
(85, 2, '1', 'guardian_nationality', 'جنسية المعيل ', 'حقل رقمي ', NULL, 4, 0),
(86, 2, '1', 'guardian_address', 'عنوان السكن ( المعيل )', '', NULL, 4, 0),
(87, 2, '1', 'guardian_phone', 'رقم التلفون ( المعيل )', '', NULL, 4, 0),
(88, 2, '1', 'guardian_primary_mobile', 'رقم الجوال الأساسي ( المعيل )', '', NULL, 4, 0),
(89, 2, '1', 'guardian_secondary_mobile', 'رقم الجوال الاحتياطي ( المعيل )', '', NULL, 4, 0),
(90, 2, '4', 'guardian_property_type', 'ملكية المنزل ( المعيل )', 'حقل رقمي', NULL, 4, 0),
(91, 2, '4', 'guardian_roof_material', 'سقف المنزل ( المعيل )', 'حقل رقمي', NULL, 4, 0),
(92, 2, '4', 'guardian_residence_condition', 'وضع المنزل ( المعيل )', 'حقل رقمي', NULL, 4, 0),
(93, 2, '4', 'guardian_indoor_condition', 'وضع الأثاث ( المعيل )', 'حقل رقمي', NULL, 3, 0),
(94, 2, '1', 'guardian_rooms', 'عدد الغرف', 'حقل رقمي', NULL, 3, 0),
(95, 2, '4', 'guardian_banks', 'اسم البنك ( المعيل )', 'حقل رقمي', NULL, 4, 0),
(96, 2, '1', 'gender', 'الجنس', '', NULL, 4, 0),
(97, 2, '1', 'nationality', 'الجنسية', '', NULL, 4, 0),
(98, 2, '1', 'birth_place', 'مكان الميلاد', '', NULL, 4, 0),
(99, 2, '1', 'address', 'عنوان السكن', '', NULL, 4, 0),
(100, 2, '1', 'phone', 'رقم التلفون', '', NULL, 4, 0),
(101, 2, '1', 'primary_mobile', 'رقم الجوال الأساسي', '', NULL, 4, 0),
(102, 2, '1', 'secondary_mobile', 'رقم الجوال الاحتياطي', '', NULL, 4, 0),
(103, 2, '1', 'type', 'نوع الدراسة', '', NULL, 4, 0),
(104, 2, '1', 'authority', 'الجهة التعليمية', '', NULL, 4, 0),
(105, 2, '1', 'stage', 'المرحلة الدراسية', '', NULL, 4, 0),
(106, 2, '1', 'grade', 'الصف', '', NULL, 4, 0),
(107, 2, '1', 'year', 'سنة الدراسة', '', NULL, 4, 0),
(108, 2, '1', 'school', 'اسم المؤسسة التعليمية', '', NULL, 4, 0),
(109, 2, '1', 'points', 'اخر نتيجة دراسية', '', NULL, 4, 0),
(110, 2, '1', 'level', 'مستوى التحصيل الدراسي', '', NULL, 4, 0),
(111, 2, '1', 'health_condition', 'الحالة الصحية', '', NULL, 4, 0),
(112, 2, '1', 'disease_id', 'نوع المرض', '', NULL, 4, 0),
(113, 2, '1', 'details', 'تفاصيل المرض/الإعاقة', '', NULL, 4, 0),
(114, 2, '1', 'property_type', 'نوع السكن', '', NULL, 4, 0),
(115, 2, '1', 'roof_material', 'نوع السقف', '', NULL, 4, 0),
(116, 2, '1', 'residence_condition', 'حالة السكن', '', NULL, 4, 0),
(117, 2, '1', 'indoor_condition', 'حالة أثاث المنزل', '', NULL, 4, 0),
(118, 2, '1', 'prayer', 'هل يصلي', '', NULL, 4, 0),
(119, 2, '1', 'prayer_reason', 'سبب ترك الصلاة', '', NULL, 4, 0),
(120, 2, '1', 'save_quran', 'هل يحفظ القران', '', NULL, 4, 0),
(121, 2, '1', 'quran_parts', 'عدد الأجزاء', '', NULL, 4, 0),
(122, 2, '1', 'quran_chapters', 'عدد السور', '', NULL, 4, 0),
(123, 2, '1', 'quran_reason', 'سبب ترك التحفيظ', '', NULL, 4, 0),
(124, 2, '1', 'banks', 'اسم البنك', 'حقل رقمي', NULL, 4, 0),
(125, 2, '1', 'quran_center', 'هل ملتحق بمركز تحفيظ', '', NULL, 4, 0),
(126, 2, '1', 'kinship', 'صلة القرابة', '', NULL, 4, 0),
(127, 2, '1', 'fm_working', 'فرد العائلة - هل يعمل ؟', '', NULL, 4, 0),
(131, 1, '1', 'family_cnt', 'عدد الأفراد', 'حقل رقمي', NULL, 4, 0),
(132, 1, '1', 'health_condition', 'رب الأسرة - الصحة - الحالة الصحية ', 'حقل رقمي', NULL, 4, NULL),
(133, 1, '1', 'health_disease_id', 'رب الأسرة - الصحة  - المرض أو الاعاقة', 'حقل رقمي', NULL, 4, NULL),
(134, 1, '1', 'health_details', 'رب الاسرة -الصحة - تفاصيل الحالة', 'حقل رقمي', NULL, 4, NULL),
(140, 1, '1', 'en_name', 'الاسم باللغة الانجليزية', 'حقل نصي يحتوي على حروف فقط لايزيد طوله عن 45 حرف', NULL, 4, 0),
(141, 2, '1', 'en_name', 'الاسم باللغة الانجليزية', 'حقل نصي يحتوي على حروف فقط لايزيد طوله عن 45 حرف', NULL, 4, 0);

INSERT INTO `char_categories_form_element_priority` (`category_id`, `element_id`, `priority`) VALUES
(1, 23, 2),
(1, 56, 4),
(1, 58, 2),
(1, 59, 2),
(1, 60, 2),
(1, 61, 2),
(1, 62, 2),
(1, 63, 2),
(1, 64, 2),
(1, 65, 2),
(1, 66, 2),
(1, 67, 2),
(1, 68, 2),
(1, 69, 4),
(1, 70, 4),
(1, 71, 2),
(1, 72, 2),
(1, 73, 4),
(1, 74, 4),
(1, 75, 4),
(1, 76, 4),
(1, 77, 4),
(1, 78, 4),
(1, 79, 4),
(1, 80, 4),
(1, 81, 2),
(1, 82, 4),
(1, 83, 4),
(1, 84, 4),
(1, 85, 4),
(1, 86, 4),
(1, 87, 4),
(1, 88, 4),
(1, 89, 4),
(1, 90, 4),
(1, 91, 4),
(1, 92, 4),
(1, 93, 4),
(1, 94, 4),
(1, 95, 4),
(1, 96, 4),
(1, 97, 4),
(1, 101, 4),
(1, 102, 4),
(1, 103, 4),
(1, 104, 4),
(1, 105, 4),
(1, 106, 4),
(1, 107, 4),
(1, 108, 4),
(1, 109, 4),
(1, 110, 4),
(1, 111, 4),
(1, 112, 4),
(1, 113, 4),
(1, 114, 4),
(1, 115, 4),
(1, 116, 4),
(1, 117, 4),
(1, 118, 4),
(1, 119, 4),
(1, 120, 4),
(1, 121, 4),
(1, 122, 4),
(1, 123, 4),
(1, 124, 3),
(1, 125, 4),
(1, 126, 4),
(1, 127, 4),
(1, 141, 3),
(2, 23, 4),
(2, 56, 4),
(2, 58, 4),
(2, 59, 4),
(2, 60, 4),
(2, 61, 4),
(2, 62, 4),
(2, 63, 4),
(2, 64, 1),
(2, 65, 4),
(2, 66, 4),
(2, 67, 1),
(2, 68, 4),
(2, 69, 4),
(2, 70, 4),
(2, 71, 4),
(2, 72, 4),
(2, 73, 4),
(2, 74, 4),
(2, 75, 4),
(2, 76, 4),
(2, 77, 4),
(2, 78, 4),
(2, 79, 4),
(2, 80, 4),
(2, 81, 4),
(2, 82, 4),
(2, 83, 4),
(2, 84, 4),
(2, 85, 4),
(2, 86, 4),
(2, 87, 4),
(2, 88, 4),
(2, 89, 4),
(2, 90, 4),
(2, 91, 4),
(2, 92, 4),
(2, 93, 4),
(2, 94, 4),
(2, 95, 4),
(2, 96, 4),
(2, 97, 4),
(2, 101, 4),
(2, 102, 4),
(2, 103, 4),
(2, 104, 4),
(2, 105, 4),
(2, 106, 4),
(2, 107, 4),
(2, 108, 4),
(2, 109, 4),
(2, 110, 4),
(2, 111, 4),
(2, 112, 4),
(2, 113, 4),
(2, 114, 4),
(2, 115, 4),
(2, 116, 4),
(2, 117, 4),
(2, 118, 4),
(2, 119, 4),
(2, 120, 4),
(2, 121, 4),
(2, 122, 4),
(2, 123, 4),
(2, 124, 4),
(2, 125, 4),
(2, 126, 4),
(2, 127, 4),
(2, 141, 3),
(3, 23, 4),
(3, 56, 4),
(3, 58, 4),
(3, 59, 4),
(3, 60, 4),
(3, 61, 2),
(3, 62, 2),
(3, 63, 2),
(3, 64, 2),
(3, 65, 4),
(3, 66, 3),
(3, 67, 2),
(3, 68, 2),
(3, 69, 4),
(3, 70, 4),
(3, 71, 4),
(3, 72, 4),
(3, 73, 4),
(3, 74, 4),
(3, 75, 4),
(3, 76, 4),
(3, 77, 4),
(3, 78, 4),
(3, 79, 4),
(3, 80, 4),
(3, 81, 4),
(3, 82, 4),
(3, 83, 4),
(3, 84, 4),
(3, 85, 4),
(3, 86, 4),
(3, 87, 4),
(3, 88, 4),
(3, 89, 4),
(3, 90, 4),
(3, 91, 4),
(3, 92, 4),
(3, 93, 4),
(3, 94, 4),
(3, 95, 4),
(3, 96, 4),
(3, 97, 4),
(3, 101, 4),
(3, 102, 4),
(3, 103, 4),
(3, 104, 4),
(3, 105, 4),
(3, 106, 4),
(3, 107, 4),
(3, 108, 4),
(3, 109, 4),
(3, 110, 4),
(3, 111, 4),
(3, 112, 4),
(3, 113, 4),
(3, 114, 4),
(3, 115, 4),
(3, 116, 4),
(3, 117, 4),
(3, 118, 4),
(3, 119, 4),
(3, 120, 4),
(3, 121, 4),
(3, 122, 4),
(3, 123, 4),
(3, 124, 4),
(3, 125, 4),
(3, 126, 4),
(3, 127, 4),
(3, 141, 3),
(4, 23, 2),
(4, 56, 4),
(4, 58, 2),
(4, 59, 4),
(4, 60, 4),
(4, 61, 4),
(4, 62, 2),
(4, 63, 3),
(4, 64, 3),
(4, 65, 3),
(4, 66, 3),
(4, 67, 4),
(4, 68, 4),
(4, 69, 4),
(4, 70, 1),
(4, 71, 1),
(4, 72, 1),
(4, 73, 3),
(4, 74, 4),
(4, 75, 3),
(4, 76, 3),
(4, 77, 4),
(4, 78, 4),
(4, 79, 4),
(4, 80, 3),
(4, 81, 4),
(4, 82, 2),
(4, 83, 4),
(4, 84, 4),
(4, 85, 4),
(4, 86, 4),
(4, 87, 3),
(4, 88, 4),
(4, 89, 2),
(4, 90, 2),
(4, 91, 2),
(4, 92, 4),
(4, 93, 2),
(4, 94, 4),
(4, 95, 4),
(4, 96, 2),
(4, 97, 2),
(4, 101, 4),
(4, 102, 4),
(4, 103, 4),
(4, 104, 4),
(4, 105, 2),
(4, 106, 4),
(4, 107, 2),
(4, 108, 4),
(4, 109, 4),
(4, 110, 4),
(4, 111, 4),
(4, 112, 4),
(4, 113, 4),
(4, 114, 4),
(4, 115, 4),
(4, 116, 4),
(4, 117, 4),
(4, 118, 4),
(4, 119, 4),
(4, 120, 4),
(4, 121, 4),
(4, 122, 4),
(4, 123, 4),
(4, 124, 2),
(4, 125, 4),
(4, 126, 4),
(4, 127, 4),
(4, 141, 3),
(5, 1, 4),
(5, 2, 4),
(5, 3, 3),
(5, 4, 4),
(5, 5, 4),
(5, 6, 4),
(5, 7, 1),
(5, 8, 2),
(5, 9, 3),
(5, 10, 4),
(5, 11, 4),
(5, 12, 2),
(5, 13, 4),
(5, 14, 2),
(5, 15, 2),
(5, 16, 4),
(5, 17, 4),
(5, 18, 4),
(5, 19, 4),
(5, 20, 4),
(5, 21, 4),
(5, 22, 4),
(5, 23, 2),
(5, 24, 2),
(5, 25, 4),
(5, 27, 4),
(5, 28, 2),
(5, 29, 4),
(5, 30, 4),
(5, 31, 4),
(5, 32, 4),
(5, 33, 4),
(5, 34, 3),
(5, 35, 4),
(5, 36, 4),
(5, 37, 3),
(5, 38, 4),
(5, 39, 4),
(5, 40, 4),
(5, 41, 4),
(5, 42, 4),
(5, 43, 4),
(5, 44, 4),
(5, 45, 2),
(5, 46, 2),
(5, 47, 2),
(5, 48, 2),
(5, 49, 2),
(5, 50, 2),
(5, 51, 2),
(5, 52, 2),
(5, 53, 4),
(5, 54, 2),
(5, 55, 4),
(5, 132, 4),
(5, 133, 4),
(5, 134, 4),
(5, 140, 3),
(6, 1, 4),
(6, 2, 4),
(6, 3, 4),
(6, 4, 4),
(6, 5, 4),
(6, 6, 4),
(6, 7, 4),
(6, 8, 4),
(6, 9, 4),
(6, 10, 4),
(6, 11, 4),
(6, 12, 4),
(6, 13, 4),
(6, 14, 4),
(6, 15, 4),
(6, 16, 4),
(6, 17, 4),
(6, 18, 4),
(6, 19, 4),
(6, 20, 4),
(6, 21, 4),
(6, 22, 4),
(6, 23, 4),
(6, 24, 4),
(6, 25, 4),
(6, 27, 4),
(6, 28, 4),
(6, 29, 4),
(6, 30, 4),
(6, 31, 4),
(6, 32, 4),
(6, 33, 4),
(6, 34, 4),
(6, 35, 4),
(6, 36, 4),
(6, 37, 4),
(6, 38, 4),
(6, 39, 4),
(6, 40, 4),
(6, 41, 4),
(6, 42, 4),
(6, 43, 4),
(6, 44, 4),
(6, 45, 4),
(6, 46, 4),
(6, 47, 4),
(6, 48, 4),
(6, 49, 4),
(6, 50, 4),
(6, 51, 4),
(6, 52, 4),
(6, 53, 4),
(6, 54, 4),
(6, 55, 4),
(6, 57, 4),
(6, 140, 3),
(7, 1, 4),
(7, 2, 4),
(7, 3, 4),
(7, 4, 4),
(7, 5, 4),
(7, 6, 4),
(7, 7, 4),
(7, 8, 4),
(7, 9, 4),
(7, 10, 4),
(7, 11, 4),
(7, 12, 4),
(7, 13, 4),
(7, 14, 4),
(7, 15, 4),
(7, 16, 4),
(7, 17, 4),
(7, 18, 4),
(7, 19, 4),
(7, 20, 4),
(7, 21, 4),
(7, 22, 4),
(7, 23, 4),
(7, 24, 4),
(7, 25, 4),
(7, 27, 4),
(7, 28, 4),
(7, 29, 4),
(7, 30, 4),
(7, 31, 4),
(7, 32, 4),
(7, 33, 4),
(7, 34, 4),
(7, 35, 4),
(7, 36, 4),
(7, 37, 4),
(7, 38, 4),
(7, 39, 4),
(7, 40, 4),
(7, 41, 4),
(7, 42, 4),
(7, 43, 4),
(7, 44, 4),
(7, 45, 4),
(7, 46, 4),
(7, 47, 4),
(7, 48, 4),
(7, 49, 4),
(7, 50, 4),
(7, 51, 4),
(7, 52, 4),
(7, 53, 4),
(7, 54, 4),
(7, 55, 4),
(7, 57, 4),
(7, 140, 3),
(8, 2, 4),
(8, 3, 3),
(8, 4, 4),
(8, 5, 4),
(8, 6, 4),
(8, 7, 1),
(8, 8, 2),
(8, 9, 3),
(8, 10, 4),
(8, 11, 4),
(8, 12, 2),
(8, 13, 4),
(8, 14, 2),
(8, 15, 4),
(8, 16, 4),
(8, 17, 4),
(8, 18, 4),
(8, 19, 4),
(8, 20, 4),
(8, 21, 4),
(8, 22, 4),
(8, 23, 4),
(8, 24, 4),
(8, 27, 4),
(8, 28, 2),
(8, 29, 4),
(8, 30, 4),
(8, 31, 4),
(8, 32, 4),
(8, 33, 4),
(8, 34, 4),
(8, 35, 4),
(8, 36, 4),
(8, 37, 4),
(8, 38, 4),
(8, 39, 4),
(8, 40, 4),
(8, 41, 4),
(8, 42, 4),
(8, 43, 4),
(8, 44, 4),
(8, 45, 4),
(8, 46, 4),
(8, 47, 4),
(8, 48, 4),
(8, 49, 4),
(8, 50, 4),
(8, 51, 4),
(8, 52, 4),
(8, 53, 4),
(8, 54, 2),
(8, 55, 4),
(8, 56, 4),
(8, 57, 4),
(8, 141, 3),
(9, 2, 4),
(9, 3, 3),
(9, 4, 4),
(9, 5, 4),
(9, 6, 4),
(9, 7, 1),
(9, 8, 2),
(9, 9, 3),
(9, 10, 4),
(9, 11, 4),
(9, 12, 2),
(9, 13, 4),
(9, 14, 2),
(9, 15, 4),
(9, 16, 4),
(9, 17, 4),
(9, 18, 4),
(9, 19, 4),
(9, 20, 4),
(9, 21, 4),
(9, 22, 4),
(9, 23, 4),
(9, 24, 4),
(9, 27, 4),
(9, 28, 2),
(9, 29, 4),
(9, 30, 4),
(9, 31, 4),
(9, 32, 4),
(9, 33, 4),
(9, 34, 4),
(9, 35, 4),
(9, 36, 4),
(9, 37, 4),
(9, 38, 4),
(9, 39, 4),
(9, 40, 4),
(9, 41, 4),
(9, 42, 4),
(9, 43, 4),
(9, 44, 4),
(9, 45, 4),
(9, 46, 4),
(9, 47, 4),
(9, 48, 4),
(9, 49, 4),
(9, 50, 4),
(9, 51, 4),
(9, 52, 4),
(9, 53, 4),
(9, 54, 2),
(9, 55, 4),
(9, 56, 4),
(9, 57, 4),
(9, 141, 3);
INSERT INTO `char_permissions` (`id`, `module_id`, `code`, `name`) VALUES
(1, 1, 'auth.users.manage', 'إدارة مستخدمي النظام'),
(2, 1, 'auth.users.view', 'عرض بيانات المستخدم'),
(3, 1, 'auth.users.create', 'إنشاء حساب مستخدم جديد'),
(4, 1, 'auth.users.update', 'تحرير بيانات مستخدم'),
(5, 1, 'auth.users.delete', 'حذف حساب مستخدم'),
(6, 1, 'auth.users.changePassword', 'تغيير كلمة المرور لحساب مستخدم'),
(7, 1, 'auth.roles.manage', 'إدارة مجموعات الصلاحيات'),
(8, 1, 'auth.roles.view', 'عرض معلومات مجموعة الصلاحيات'),
(9, 1, 'auth.roles.create', 'إنشاء مجموعة صلاحيات جديدة'),
(10, 1, 'auth.roles.update', 'تحرير مجموعة صلاحيات'),
(11, 1, 'auth.roles.delete', 'حذف مجموعة صلاحيات'),
(12, 2, 'doc.catregories.manage', 'إدارة تصنيفات الملفات'),
(13, 2, 'doc.catregories.view', 'عرض بيانات تصنيف الملفات'),
(14, 2, 'doc.catregories.create', 'إنشاء تصنيف ملف جديد'),
(15, 2, 'doc.catregories.update', 'تحرير تصنيف ملف'),
(16, 2, 'doc.catregories.delete', 'حذف تصنيف ملف'),
(17, 2, 'doc.files.manage', 'إدارة الملفات'),
(18, 2, 'doc.files.view', 'عرض معلومات ملف'),
(19, 2, 'doc.files.create', 'إنشاء ملف جديد'),
(20, 2, 'doc.files.update', 'تحرير معلومات ملف'),
(21, 2, 'doc.files.delete', 'حذف ملف'),
(22, 2, 'doc.tags.manage', 'إدارة وسوم الملفات'),
(23, 2, 'doc.tags.view', 'عرض معلومات الوسم'),
(24, 2, 'doc.tags.create', 'إنشاء وسم جديد'),
(25, 2, 'doc.tags.update', 'تحرير معلومات وسم'),
(26, 2, 'doc.tags.delete', 'حذف وسم'),
(27, 5, 'sms.smsProviders.manage', 'إدارة مزودي خدمة الرسائل القصيرة'),
(28, 5, 'sms.organizationsSmsProviders.manage', 'إدارة بيانات خدمة الرسائل '),
(29, 5, 'sms.smsProviders.create', 'إنشاء مزود خدمة جديد'),
(30, 5, 'sms.organizationsSmsProviders.create', 'إنشاء سجل بيانات خدمة رسائل جديد'),
(31, 5, 'sms.smsProviders.update', 'تحرير بيانات مزود خدمة '),
(32, 5, 'sms.organizationsSmsProviders.update', 'تحرير بيانات سجل الخدمة'),
(33, 5, 'sms.smsProviders.delete', 'حذف مزود خدمة'),
(34, 5, 'sms.organizationsSmsProviders.delete', 'حذف سجل بيانات الخدمة'),
(35, 5, 'sms.smsProviders.view', 'عرض بيانات مزود خدمة '),
(36, 5, 'sms.organizationsSmsProviders.view', 'عرض سجل بيانات خدمة رسائل'),
(37, 5, 'sms.smsProviders.sentsms', 'إرسال رسائل قصيرة'),
(38, 7, 'setting.aidSources.manage', 'إدارة مصادر المساعدات'),
(39, 7, 'setting.aidSources.create', 'إنشاء مصدر مساعدة جديد'),
(40, 7, 'setting.aidSources.update', 'تحرير بيانات مصدر مساعدة'),
(41, 7, 'setting.aidSources.delete', 'حذف مصدر مساعدة'),
(42, 7, 'setting.aidSources.view', 'عرض بيانات مصدر مساعدة'),
(43, 7, 'setting.banks.manage', 'إدارة البنوك'),
(44, 7, 'setting.banks.create', 'إنشاء بنك جديد'),
(45, 7, 'setting.banks.update', 'تحرير بيانات بنك'),
(46, 7, 'setting.banks.delete', 'حذف بنك '),
(47, 7, 'setting.banks.view', 'عرض بيانات بنك'),
(48, 7, 'setting.categories.manage', 'إدارة تصنيف الخدمات'),
(49, 7, 'setting.categories.create', 'إنشاء تصنيف جديد'),
(50, 7, 'setting.categories.update', 'تحرير بيانات تصنيف خدمة'),
(51, 7, 'setting.categories.delete', 'حذ تصنيف'),
(52, 7, 'setting.categories.view', 'عرض بيانات تصنيف'),
(53, 7, 'setting.currency.manage', 'إدارة العملات'),
(54, 7, 'setting.currency.create', 'إنشاء عملة جديدة'),
(55, 7, 'setting.currency.update', 'تحرير بيانات عملة'),
(56, 7, 'setting.currency.delete', 'حذف عملة'),
(57, 7, 'setting.currency.view', 'عرض بيانات عملة'),
(58, 7, 'setting.deathCauses.manage', 'إدارة أسباب الوفاة'),
(59, 7, 'setting.deathCauses.create', 'إنشاء سبب وفاة جديد'),
(60, 7, 'setting.deathCauses.update', 'تحرير بيانات سبب وفاة'),
(61, 7, 'setting.deathCauses.delete', 'حذف سبب وفاة'),
(62, 7, 'setting.deathCauses.view', 'عرض  بيانات سبب وفاة'),
(63, 7, 'setting.diseases.manage', 'إدارة الأمراض والاعاقات'),
(64, 7, 'setting.diseases.create', 'إنشاء نوع مرض أو اعاقة جديد'),
(65, 7, 'setting.diseases.update', 'تحرير بيانات مرض أو اعاقة'),
(66, 7, 'setting.diseases.delete', 'حذف مرض أو اعاقة'),
(67, 7, 'setting.diseases.view', 'عرض بيانات مرض أو اعاقة'),
(68, 7, 'setting.documentTypes.manage', 'إدارة أنواع المرفقات'),
(69, 7, 'setting.documentTypes.create', 'إنشاء نوع مرفق جديد'),
(70, 7, 'setting.documentTypes.update', 'تحرير بيانات مرفق'),
(71, 7, 'setting.documentTypes.delete', 'حذف نوع مرفق'),
(72, 7, 'setting.documentTypes.view', 'عرض بيانات مرفق '),
(73, 7, 'setting.eduAuthorities.manage', 'إدارة المؤسسات العلمية'),
(74, 7, 'setting.eduAuthorities.create', 'إنشاء مؤسسة علمية جديدة'),
(75, 7, 'setting.eduAuthorities.update', 'تحرير بيانات مؤسسة علمية'),
(76, 7, 'setting.eduAuthorities.delete', 'حذف مؤسسة علمية'),
(77, 7, 'setting.eduAuthorities.view', 'عرض بيانات مؤسسة علمية'),
(78, 7, 'setting.eduDegrees.manage', 'إدارة الدرجات العلمية'),
(79, 7, 'setting.eduDegrees.create', 'إنشاء درجة علمية جديدة'),
(80, 7, 'setting.eduDegrees.update', 'تحرير بيانات درجة علمية'),
(81, 7, 'setting.eduDegrees.delete', 'حذف درجة علمية'),
(82, 7, 'setting.eduDegrees.view', 'عرض بيانات درجة علمية'),
(83, 7, 'setting.eduStages.manage', 'إدارة المراحل التعليمية'),
(84, 7, 'setting.eduStages.create', 'إنشاء مرحلة علمية جديدة'),
(85, 7, 'setting.eduStages.update', 'تحرير بيانات مرحلة علمية'),
(86, 7, 'setting.eduStages.delete', 'حذف مرحلة علمية'),
(87, 7, 'setting.eduStages.view', 'عرض بيانات مرحلة علمية'),
(88, 7, 'setting.essentials.manage', 'إدارة مستلزمات المنزل'),
(89, 7, 'setting.essentials.create', 'إنشاء مستلزم منزل جديد'),
(90, 7, 'setting.essentials.update', 'تحرير بيانات مستلزم منزل'),
(91, 7, 'setting.essentials.delete', 'حذف مستلزم منزل'),
(92, 7, 'setting.essentials.view', 'عرض بيانات مستلزم المنزل'),
(93, 7, 'setting.kinship.manage', 'إدارة صلة القرابة'),
(94, 7, 'setting.kinship.create', 'إنشاء صلة قرابة جديدة'),
(95, 7, 'setting.kinship.update', 'تحرير بيانات صلة قرابة'),
(96, 7, 'setting.kinship.delete', 'حذف صلة قرابة'),
(97, 7, 'setting.kinship.view', 'عرض بيانات صلة القرابة'),
(98, 7, 'setting.language.manage', 'إدارة اللغات'),
(99, 7, 'setting.language.create', 'إنشاء لغة جديدة'),
(100, 7, 'setting.language.update', 'تحرير لغة'),
(101, 7, 'setting.language.delete', 'حذف لغة'),
(102, 7, 'setting.language.view', 'عرض معلومات لغة'),
(103, 7, 'setting.locations.manage', 'إدارة المناطق والعناوين'),
(104, 7, 'setting.locations.create', 'إنشاء عنوان أو منطقة جديدة'),
(105, 7, 'setting.locations.update', 'تحرير بيانات عنوان أو منطقة'),
(106, 7, 'setting.locations.delete', 'حذف منطقة او عنوان'),
(107, 7, 'setting.locations.view', 'عرض بيانات العنوان أو المنطقة'),
(108, 7, 'setting.maritalStatus.manage', 'إدارة الحالات الاجتماعية'),
(109, 7, 'setting.maritalStatus.create', 'إنشاء حالة اجتماعية جديدة'),
(110, 7, 'setting.maritalStatus.update', 'تحرير بيانات حالة اجتماعية'),
(111, 7, 'setting.maritalStatus.delete', 'حذف حالة اجتماعية'),
(112, 7, 'setting.maritalStatus.view', 'عرض بيانات الحالة الاجتماعية'),
(113, 7, 'setting.properties.manage', 'إدارة أنواع الممتلكات والعقارات'),
(114, 7, 'setting.properties.create', 'إنشاء نوع ممتلكات أو عقارات جديد'),
(115, 7, 'setting.properties.update', 'تحرير بيانات نوع ممتلكات أو العقارات'),
(116, 7, 'setting.properties.delete', 'حذف نوع ممتلكات او عقارات'),
(117, 7, 'setting.properties.view', 'عرض بيانات نوع الممتلكات أو العقارات'),
(118, 7, 'setting.roofMaterials.manage', 'إدارة أنواع أسقف المنازل'),
(119, 7, 'setting.roofMaterials.create', 'إنشاء نوع سقف جديد'),
(120, 7, 'setting.roofMaterials.update', 'تحرير بيانات  سقف منزل'),
(121, 7, 'setting.roofMaterials.delete', 'حذف سقف منزل'),
(122, 7, 'setting.roofMaterials.view', 'عرض بيانات سقف منزل'),
(123, 7, 'setting.PropertyTypes.manage', 'إدارة أنواع الملكيات للمنازل'),
(124, 7, 'setting.PropertyTypes.create', 'إنشاء نوع ملكية منزل جديد'),
(125, 7, 'setting.PropertyTypes.update', 'تحرير بيانات نوع الملكية'),
(126, 7, 'setting.PropertyTypes.delete', 'حذف نوع ملكية'),
(127, 7, 'setting.PropertyTypes.view', 'عرض بيانات نوع الملكية'),
(128, 7, 'setting.setting.manage', 'إدارة الاعدادات العامة'),
(129, 7, 'setting.setting.create', 'إنشاء اعداد عام جديد'),
(130, 7, 'setting.setting.update', 'تحرير بيانات اعداد'),
(131, 7, 'setting.setting.delete', 'حذف نوع الاعداد'),
(132, 7, 'setting.setting.view', 'عرض بيانات الاعداد'),
(133, 7, 'setting.workJob.manage', 'إدارة المسميات الوظيفية'),
(134, 7, 'setting.workJob.create', 'إنشاء مسمى وظيفي جديد'),
(135, 7, 'setting.workJob.update', 'تحرير بيانات مسمى وظيفي'),
(136, 7, 'setting.workJob.delete', 'حذف المسمى الوظيفي'),
(137, 7, 'setting.workJob.view', 'عرض بيانات المسمى الوظيفي'),
(138, 7, 'setting.workReason.manage', 'إدارة أسباب ترك العمل'),
(139, 7, 'setting.workReason.create', 'إنشاء سبب ترك عمل جديد'),
(140, 7, 'setting.workReason.update', 'تحرير بيانات سبب ترك عمل'),
(141, 7, 'setting.workReason.delete', 'حذف سبب ترك العمل'),
(142, 7, 'setting.workReason.view', 'عرض بيانات سبب ترك العمل'),
(143, 7, 'setting.workStatus.manage', 'إدارة حالات العمل'),
(144, 7, 'setting.workStatus.create', 'إنشاء حالة عمل جديدة'),
(145, 7, 'setting.workStatus.update', 'تحرير بيانات حالة عمل'),
(146, 7, 'setting.workStatus.delete', 'حذف حالة العمل'),
(147, 7, 'setting.workStatus.view', 'عرض بيانات حالة العمل'),
(148, 7, 'setting.workWages.manage', 'إدارة فئات الأجور'),
(149, 7, 'setting.workWages.create', 'إنشاء فئة أجر جديدة'),
(150, 7, 'setting.workWages.update', 'تحرير بيانات فئة أجر'),
(151, 7, 'setting.workWages.delete', 'حذف فئة الأجر'),
(152, 7, 'setting.workWages.view', 'عرض بيانات فئة الأجور'),
(153, 6, 'forms.customForms.manage', 'إدارة النماذج المخصصة'),
(154, 6, 'forms.customForms.create', 'إنشاء نموذج مخصص جديد'),
(155, 6, 'forms.customForms.update', 'تحرير بيانات نموذج مخصص'),
(156, 6, 'forms.customForms.delete', 'حذف نموذج مخصص'),
(157, 6, 'forms.customForms.view', 'عرض بيانات نموذج مخصص'),
(158, 6, 'forms.elementOption.manage', 'إدارة خيارات العناصر'),
(159, 6, 'forms.elementOption.create', 'إنشاء خيار عنصر جديد'),
(160, 6, 'forms.elementOption.update', 'تحرير بيانات خيار عنصر'),
(161, 6, 'forms.elementOption.delete', 'حذف خيار عنصر'),
(162, 6, 'forms.elementOption.view', 'عرض بيانات خيار عنصر'),
(163, 6, 'forms.formElement.manage', 'إدارة عناصر النموذج'),
(164, 6, 'forms.formElement.create', 'إنشاء عنصر نموذج جديد'),
(165, 6, 'forms.formElement.update', 'تحرير بيانات عنصر نموذج'),
(166, 6, 'forms.formElement.delete', 'حذف عنصر نموذج'),
(167, 6, 'forms.formElement.view', 'عرض بيانات عنصر نموذج'),
(168, 6, 'forms.formsCasesData.manage', 'إدارة بيانات النماذج المخصصة '),
(169, 6, 'forms.formsCasesData.create', 'إنشاءسحل بيانات نموذج مخصص جديد'),
(170, 6, 'forms.formsCasesData.update', 'نحرير سجل بيانات نموذج مخصص'),
(171, 6, 'forms.formsCasesData.delete', 'حذف سجل بيانات نموذج مخصص'),
(172, 6, 'forms.formsCasesData.view', 'عرض سجل بيانات نموذج مخصص'),
(173, 3, 'aid.category.manage', 'إدارة أنواع الاستمارات المساعدات'),
(174, 3, 'aid.category.create', 'إنشاء نوع استمارة مساعدات جديد'),
(175, 3, 'aid.category.update', 'تحرير بيانات نوع استمارة'),
(176, 3, 'aid.category.delete', 'حذف نوع استمارة'),
(177, 3, 'aid.category.view', 'عرض بيانات نوع الاستمارة'),
(178, 3, 'aid.voucher.manage', 'إدارة قسائم المساعدات'),
(179, 3, 'aid.voucher.create', 'إنشاء قسيمة مساعدة جديدة'),
(180, 3, 'aid.voucher.update', 'تحرير بيانات قسيمة مساعدة '),
(181, 3, 'aid.voucher.delete', 'حذف بيانات قسيمة مساعدة '),
(182, 3, 'aid.voucher.view', 'عرض بينات قسيمة مساعدة'),
(183, 3, 'aid.blockIDCard.manage', 'إدارة أرقام بطاقات الهوية المحظورة'),
(184, 3, 'aid.blockIDCard.create', 'إنشاء سجل رقم هوية محظور جديد'),
(185, 3, 'aid.blockIDCard.update', 'تحرير سجل رقم الهوية المحظور'),
(186, 3, 'aid.blockIDCard.delete', 'حذف سجل لرقم هوية محظور'),
(187, 3, 'aid.blockIDCard.view', 'عرض بيانات السجل المحظور'),
(188, 3, 'aid.case.manage', 'إدارة الحالات'),
(189, 3, 'aid.case.create', 'إنشاء سجل حالة جديد'),
(190, 3, 'aid.case.update', 'تحرير بيانات حالة'),
(191, 3, 'aid.case.delete', 'حذف حالة اجتماعية'),
(192, 3, 'aid.case.view', 'عرض بيانات الحالة'),
(193, 3, 'aid.case.export', 'تصدير بيانات الحالات'),
(194, 3, 'aid.personsVoucher.manage', 'إدارة قسائم المساعدات '),
(195, 3, 'aid.personsVoucher.create', 'إنشاء سجل تقديم مساعدات للأشخاص جديد'),
(196, 3, 'aid.personsVoucher.update', 'تحرير بيانات سجل تلقي مساعدة'),
(197, 3, 'aid.personsVoucher.delete', 'حذف سجل بيانات تلقي مساعدة لشخص'),
(198, 3, 'aid.personsVoucher.view', 'عرض مساعدات الشخص'),
(199, 3, 'aid.personsVoucher.export', 'تصدير كبونات مساعدات الاشخاص'),
(200, 4, 'sponsorship.category.manage', 'إدارة أنواع الاستمارات'),
(201, 4, 'sponsorship.category.create', 'إنشاء نوع استمارة كفالات جديد'),
(202, 4, 'sponsorship.category.update', 'تحرير بيانات نوع كفالة'),
(203, 4, 'sponsorship.category.delete', 'حذف نوع كفالة'),
(204, 4, 'sponsorship.category.view', 'عرض بيانات نوع كفالة'),
(205, 4, 'sponsorship.blockIDCard.manage', 'إدارة أرقام بطاقات الهوية المحظورة'),
(206, 4, 'sponsorship.blockIDCard.create', 'إنشاء سجل رقم هوية محظور جديد'),
(207, 4, 'sponsorship.blockIDCard.update', 'تحرير سجل رقم الهوية المحظور'),
(208, 4, 'sponsorship.blockIDCard.delete', 'حذف سجل لرقم هوية محظور'),
(209, 4, 'sponsorship.blockIDCard.view', 'عرض بيانات السجل المحظور'),
(210, 4, 'sponsorship.case.manage', 'إدارة الحالات'),
(211, 4, 'sponsorship.case.create', 'إنشاء سجل حالة جديد'),
(212, 4, 'sponsorship.case.update', 'تحرير بيانات حالة'),
(213, 4, 'sponsorship.case.delete', 'حذف حالة اجتماعية'),
(214, 4, 'sponsorship.case.view', 'عرض بيانات الحالة'),
(215, 4, 'sponsorship.case.export', 'تصدير بيانات الحالات'),
(222, 4, 'sponsorship.sponsorships.manage', 'إدارة الترشيحات'),
(223, 4, 'sponsorship.sponsorships.create', 'إنشاء ترشيح جديد لجهة كافلة'),
(224, 4, 'sponsorship.sponsorships.update', 'تحرير سجل ترشيح لجهة كافلة'),
(225, 4, 'sponsorship.sponsorships.delete', 'حذف ترشيح لجهة كافلة '),
(226, 4, 'sponsorship.sponsorships.view', 'عرض ترشيح'),
(227, 4, 'sponsorship.sponsorshipsPerson.manage', 'إدارة سجلات الترشيحات لجهات كافلة'),
(228, 4, 'sponsorship.sponsorshipsPerson.create', 'إنشاء سجل ترشيح جديد لشخص'),
(229, 4, 'sponsorship.sponsorshipsPerson.update', 'تحرير سجل ترشيح شخص '),
(230, 4, 'sponsorship.sponsorshipsPerson.delete', 'حذف سجل ترشيح شخص'),
(231, 4, 'sponsorship.sponsorshipsPerson.view', 'عرض بيانات ترشيح شخص'),
(232, 4, 'sponsorship.sponsorshipsPerson.export', 'تصدير سجلات ترشيح معين '),
(233, 4, 'sponsorship.payments.manage', 'إدارة الصرفيات'),
(234, 4, 'sponsorship.payments.create', 'إنشاء صرفية جديدة'),
(235, 4, 'sponsorship.payments.update', 'تحرير صرفية'),
(236, 4, 'sponsorship.payments.delete', 'حذف صرفية'),
(237, 4, 'sponsorship.payments.view', 'عرض بيانات صرفية'),
(238, 4, 'sponsorship.payments.export', 'تصدير بيانات او شيكات مستفيدين من صرفية'),
(239, 4, 'sponsorship.payments.import', 'استيراد كشوفات مستفيدين الصرفية'),
(240, 1, 'auth.users.permissions', 'تحرير الصلاحيات على مستوى المستخدم'),
(241, 1, 'auth.users.status', 'تفعيل وتعطيل حسابات المستخدمين'),
(242, 1, 'auth.roles.copy', 'نسخ مجموعة صلاحيات'),
(243, 1, 'auth.settings.manage', 'التحكم في إعدادات الدخول إلى النظام'),
(244, 8, 'org.organizations.manage', 'إدارة المؤسسات والجمعيات المحلية'),
(245, 8, 'org.organizations.create', 'إضافة مؤسسة أو جمعية محلية'),
(246, 8, 'org.organizations.update', 'تحرير بيانات مؤسسة أو جمعية محلية'),
(247, 8, 'org.organizations.view', 'مشاهدة بيانات مؤسسة أو جمعية محلية'),
(248, 8, 'org.organizations.delete', 'حذف مؤسسة أو جمعية محلية'),
(249, 8, 'org.sponsors.manage', 'إدارة المؤسسات والجمعيات الكافلة/الممولة'),
(250, 8, 'org.sponsors.create', 'إضافة مؤسسة أو جمعية كافلة/ممولة'),
(251, 8, 'org.sponsors.update', 'تحرير بيانات مؤسسة أو جمعية كافلة/ممولة'),
(252, 8, 'org.sponsors.view', 'مشاهدة بيانات مؤسسة أو جمعية كافلة/ممولة'),
(253, 8, 'org.sponsors.delete', 'حذف مؤسسة أو جمعية كافلة/ممولة'),
(254, 3, 'aid.voucherCategory.manage', 'إدارة أنواع قسائم المساعدات'),
(255, 3, 'aid.voucherCategory.create', 'إنشاء نوع قسيمة مساعدات جديد'),
(256, 3, 'aid.voucherCategory.update', 'تحرير بيانات نوع قسيمة'),
(257, 3, 'aid.voucherCategory.delete', 'حذف نوع قسيمة'),
(270, 4, 'sponsorship.sponsorshipCategoriesPolicy.manage', 'إدارة قيود أنواع الكفالات '),
(271, 4, 'sponsorship.sponsorshipCategoriesPolicy.create', 'إنشاء قيد كفالة جديد'),
(272, 4, 'sponsorship.sponsorshipCategoriesPolicy.update', 'تحرير بيانات قيد كفالة'),
(273, 4, 'sponsorship.sponsorshipCategoriesPolicy.delete', 'حذف قيد  كفالة'),
(274, 4, 'sponsorship.sponsorshipCategoriesPolicy.view', 'عرض بيانات قيد كفالة'),
(275, 3, 'aid.voucher.upload', 'رفع قالب قسيمة مساعدات'),
(276, 3, 'aid.voucherCategory.view', 'عرض بيانات نوع قسيمة'),
(277, 3, 'aid.aidsCategoriesPolicy.manage', 'إدارة قيود قسائم المساعدات'),
(278, 3, 'aid.aidsCategoriesPolicy.create', 'إنشاء قيد قسيمة جديد'),
(279, 3, 'aid.aidsCategoriesPolicy.update', 'تحرير بيانات قيد قسيمة'),
(280, 3, 'aid.aidsCategoriesPolicy.delete', 'حذف قيد قسيمة'),
(281, 3, 'aid.aidsCategoriesPolicy.view', 'عرض بيانات قيد'),
(282, 4, 'sponsorship.paymentsCases.manage', 'إدارة صرفيات الحالات'),
(283, 3, 'aid.categoriesFormElement.manage', 'إدارة عناصر نموذج استمارة المساعدات'),
(284, 3, 'aid.categoriesFormElement.create', 'إنشاء عنصر نموذج استمارة المساعدات'),
(285, 3, 'aid.categoriesFormElement.update', 'تعديل بيانات عنصر نموذج استمارة المساعدات'),
(286, 3, 'aid.categoriesFormElement.delete', 'حذف بيانات عنصر نموذج استمارة المساعدات'),
(287, 4, 'sponsorship.categoriesFormElement.manage', 'إدارة عناصر نموذج استمارة الكفالات'),
(288, 4, 'sponsorship.categoriesFormElement.create', 'إنشاء عنصر نموذج استمارة الكفالات'),
(289, 4, 'sponsorship.categoriesFormElement.update', 'تعديل بيانات عنصر نموذج استمارة الكفالات'),
(290, 4, 'sponsorship.categoriesFormElement.delete', 'حذف بيانات عنصر نموذج استمارة الكفالات'),
(291, 3, 'aid.categoriesFormElement.view', 'عرض بيانات عنصر نموذج استمارة المساعدات'),
(292, 4, 'sponsorship.categoriesFormElement.view', 'عرض بيانات عنصر نموذج استمارة الكفالات'),
(293, 4, 'sponsorship.sponsorshipCases.manage', 'إدارة تصنيفات المكفولين'),
(294, 4, 'sponsorship.sponsorshipCases.update', 'تعديل بيانات سجل في تصنيفات المكفولين'),
(297, 4, 'sponsorship.sponsorshipCases.view', 'عرض سجل  مكفول'),
(298, 4, 'sponsorship.sponsorshipCases.export', 'تصدير سجلات بيانات المكفولين'),
(299, 1, 'auth.users.trashed', 'إدارة المستخدمين الذين تم حذفهم'),
(300, 1, 'auth.users.restore', 'استرجاع المستخدمين الذين تم حذفهم'),
(301, 4, 'sponsorship.updateSetting.manage', 'إدارة إعدادات تحديث البيانات'),
(302, 4, 'sponsorship.updateSetting.create', 'إنشاء  سجل تحديث بيانات جديد'),
(303, 4, 'sponsorship.updateSetting.update', 'تعديل بيانات اعدادا سجل التحديث'),
(304, 4, 'sponsorship.updateSetting.delete', 'حذف سجل اعداد تحديث البيانات'),
(305, 4, 'sponsorship.updateSetting.view', 'عرض بيانات اعداد سجل التحدث'),
(306, 3, 'aid.aidsVisitorNotes.manage', 'إدارة إعدادات رأي الباحث'),
(307, 3, 'aid.aidsVisitorNotes.create', 'إنشاء اعداد رأي باحث جديد'),
(308, 3, 'aid.aidsVisitorNotes.update', 'تحرير اعداد رأي باحث'),
(309, 3, 'aid.aidsVisitorNotes.delete', 'حذف سجل اعداد رأي الباحث'),
(310, 3, 'aid.aidsVisitorNotes.view', 'عرض بيانات اعداد رأي باحث'),
(311, 4, 'sponsorship.sponsorshipVisitorNotes.manage', 'إدارة إعدادات رأي الباحث'),
(312, 4, 'sponsorship.sponsorshipVisitorNotes.create', 'إنشاء اعداد رأي باحث جديد'),
(313, 4, 'sponsorship.sponsorshipVisitorNotes.update', 'تحرير اعداد رأي باحث'),
(314, 4, 'sponsorship.sponsorshipVisitorNotes.delete', 'حذف سجل اعداد رأي الباحث'),
(315, 4, 'sponsorship.sponsorshipVisitorNotes.view', 'عرض بيانات اعداد رأي باحث'),
(316, 3, 'aid.neighborhoodsRatios.manage', 'إدارة نسب الأهلية للمناطق'),
(317, 3, 'aid.neighborhoodsRatios.create', 'إنشاء نسبة أهلية لمنطقة'),
(318, 3, 'aid.neighborhoodsRatios.update', 'تحرير نسب الأهلية للمناطق'),
(319, 3, 'aid.neighborhoodsRatios.delete', 'حذف نسبة الأهلية للمنطقة'),
(320, 3, 'aid.neighborhoodsRatios.view', 'عرض نسب الأهلية للمناطق'),
(321, 9, 'aidRepository.categories.manage', 'إدارة تصنيفات مشاريع إدارة الوعاء'),
(322, 9, 'aidRepository.categories.create', 'إنشاء تصنيف جديد لمشاريع إدارة الوعاء'),
(323, 9, 'aidRepository.categories.update', 'تحرير تصنيف مشروع إدارة الوعاء'),
(324, 9, 'aidRepository.categories.delete', 'حذف تصنيف مشروع إدارة الوعاء'),
(325, 9, 'aidRepository.categories.view', 'عرض معلومات تصنيف مشروع إدارة الوعاء'),
(326, 9, 'aidRepository.repositories.manage', 'إدارة الأوعية'),
(327, 9, 'aidRepository.repositories.create', 'إنشاء وعاء جديد'),
(328, 9, 'aidRepository.repositories.update', 'تحرير بيانات وعاء'),
(329, 9, 'aidRepository.repositories.delete', 'حذف وعاء'),
(330, 9, 'aidRepository.repositories.view', 'عرض معلومات الوعاء'),
(331, 9, 'aidRepository.projects.manage', 'إدارة مشاريع الوعاء'),
(332, 9, 'aidRepository.projects.create', 'إنشاء مشروع جديد في الوعاء'),
(333, 9, 'aidRepository.projects.update', 'تحرير بيانات مشروع'),
(334, 9, 'aidRepository.projects.delete', 'حذف مشروع من الوعاء'),
(335, 9, 'aidRepository.projects.view', 'عرض معلومات المشروع'),
(336, 9, 'aidRepository.organizationProjects.manage', 'مشاريع الوعاء الخاصة بالجمعية'),
(337, 9, 'aidRepository.organizationProjects.candidates', 'عرض المرشحين للمشروع في الجمعية'),
(338, 9, 'aidRepository.organizationProjects.nominate', 'ترشيح مستفيدين لمشروع في الوعاء'),
(339, 3, 'aid.category.upload', 'قوالب تصدير الاستمارات'),
(340, 4, 'sponsorship.category.upload', 'قوالب تصدير الاستمارات'),
(341, 4, 'sponsorship.SponsorCase.manage', 'إدارة الحالات المكفولة (حساب الكافل)'),
(342, 1, 'auth.users.permissionsUpdate', 'تحرير ومنح صلاحيات بشكل مباشر للمستخدم'),
(343, 1, 'log.logs.manage', 'مشاهدة سجلات العمليات والإجراءات'),
(349, 9, 'aidRepository.projects.updateCandidatesStatus', 'تعديل حالة مرشح للمشروع'),
(350, 9, 'aidRepository.projects.deleteCandidates', 'حذف مرشح للمشروع'),
(351, 3, 'aid.case.search', 'شاشة إدارة الحالات (البحث في حالات كافة الجمعيات)'),
(352, 4, 'sponsorship.case.search', 'شاشة إدارة الحالات (البحث في حالات كافة الجمعيات)'),
(353, 4, 'sponsorship.case.searchIncomplete', 'شاشة نقص البيانات (البحث في حالات كافة الجمعيات)'),
(354, 3, 'aid.case.searchIncomplete', 'شاشة نقص البيانات (البحث في حالات كافة الجمعيات)'),
(355, 3, 'aid.case.searchAttachment', 'شاشة مرفقات الحالات (البحث في حالات كافة الجمعيات)'),
(356, 4, 'sponsorship.case.searchAttachment', 'شاشة مرفقات الحالات (البحث في حالات كافة الجمعيات)'),
(357, 1, 'auth.BackupVersions.manage', ' إدارة النسخ الاحتياطية'),
(358, 1, 'auth.BackupVersions.create', 'إنشاء النسخة الاحتياطية'),
(360, 4, 'sponsorship.reports.manage', 'إدارة التقارير المؤرشفة'),
(361, 4, 'sponsorship.reports.create', 'انشاء تقرير مؤرشف جديد'),
(362, 4, 'sponsorship.reports.update', 'تعديل تقرير مؤرشف'),
(363, 4, 'sponsorship.reports.delete', 'حذف تقرير مؤرشف'),
(364, 4, 'sponsorship.reports.view', 'عرض بيانات تقرير مؤرشف'),
(365, 4, 'sponsorship.reports.export', 'تصدير التقارير المؤرشفة'),
(366, 4, 'sponsorship.reportsCasesDocuments.manage', 'إدارة مرفقات التقارير'),
(367, 4, 'sponsorship.reportsCasesDocuments.update', 'تحديث مرفق تقرير'),
(368, 4, 'sponsorship.reportsCasesDocuments.delete', 'حذف مرفق تقرير'),
(369, 4, 'sponsorship.reportsCasesDocuments.view', 'عرض مرفق تقرير'),
(370, 4, 'sponsorship.reportsCasesDocuments.export', 'تصدير مرفقات التقارير'),
(371, 4, 'sponsorship.reportsCasesDocuments.import', 'استيراد مرفقات التقارير'),
(372, 8, 'org.organizations.connectSponsor', 'ربط الجمعيات بالجهات الممولة / الكافلة'),
(373, 3, 'aid.case.changeCategory', 'تغيير تصنيف الحالة'),
(374, 4, 'sponsorship.case.changeCategory', 'تغيير تصنيف الحالة'),
(375, 4, 'sponsorship.case.searchFamilies', 'شاشة الأسر (البحث في حالات كافة الجمعيات)');

INSERT INTO `char_roles` (`id`, `name`, `organization_id`, `created_at`, `updated_at`, `deleted_at`) VALUES
(1, 'مدير النظام', 1, '2018-08-19 12:48:12', NULL, NULL),
(2, 'مدير جمعية', 1, '2018-08-19 12:48:12', NULL, NULL),
(3, 'مدير قسم الكفالات', 1, '2018-08-19 12:48:12', NULL, NULL),
(4, 'مدير قسم المساعدات', 1, '2018-08-19 12:48:12', NULL, NULL),
(5, 'مدخل بيانات - قسم المساعدات', 1, '2018-08-19 09:50:41', '2018-08-19 09:50:41', NULL),
(6, 'مدخل بيانات - قسم الكفالات', 1, '2018-08-19 09:51:29', '2018-08-19 09:51:29', NULL),
(7, 'مدير قسم الكفالات', 2, '2018-08-19 09:52:27', '2018-08-19 09:52:27', NULL),
(8, 'مدير قسم الكفالات', 3, '2018-08-19 09:52:27', '2018-08-19 09:52:27', NULL),
(9, 'مدير قسم الكفالات', 4, '2018-08-19 09:52:27', '2018-08-19 09:52:27', NULL),
(10, 'مدير قسم الكفالات', 5, '2018-08-19 09:52:27', '2018-08-19 09:52:27', NULL),
(11, 'مدير قسم الكفالات', 6, '2018-08-19 09:52:27', '2018-08-19 09:52:27', NULL),
(12, 'مدير قسم الكفالات', 7, '2018-08-19 09:52:27', '2018-08-19 09:52:27', NULL),
(13, 'مدير قسم الكفالات', 8, '2018-08-19 09:52:27', '2018-08-19 09:52:27', NULL),
(14, 'مدير قسم الكفالات', 9, '2018-08-19 09:52:27', '2018-08-19 09:52:27', NULL),
(15, 'مدير قسم الكفالات', 10, '2018-08-19 09:52:27', '2018-08-19 09:52:27', NULL),
(16, 'مدير قسم الكفالات', 11, '2018-08-19 09:52:27', '2018-08-19 09:52:27', NULL),
(17, 'مدير قسم الكفالات', 12, '2018-08-19 09:52:27', '2018-08-19 09:52:27', NULL),
(18, 'مدير قسم المساعدات', 2, '2018-08-19 09:52:46', '2018-08-19 09:52:46', NULL),
(19, 'مدير قسم المساعدات', 3, '2018-08-19 09:52:46', '2018-08-19 09:52:46', NULL),
(20, 'مدير قسم المساعدات', 4, '2018-08-19 09:52:46', '2018-08-19 09:52:46', NULL),
(21, 'مدير قسم المساعدات', 5, '2018-08-19 09:52:46', '2018-08-19 09:52:46', NULL),
(22, 'مدير قسم المساعدات', 6, '2018-08-19 09:52:46', '2018-08-19 09:52:46', NULL),
(23, 'مدير قسم المساعدات', 7, '2018-08-19 09:52:46', '2018-08-19 09:52:46', NULL),
(24, 'مدير قسم المساعدات', 8, '2018-08-19 09:52:46', '2018-08-19 09:52:46', NULL),
(25, 'مدير قسم المساعدات', 9, '2018-08-19 09:52:46', '2018-08-19 09:52:46', NULL),
(26, 'مدير قسم المساعدات', 10, '2018-08-19 09:52:46', '2018-08-19 09:52:46', NULL),
(27, 'مدير قسم المساعدات', 11, '2018-08-19 09:52:46', '2018-08-19 09:52:46', NULL),
(28, 'مدير قسم المساعدات', 12, '2018-08-19 09:52:46', '2018-08-19 09:52:46', NULL),
(29, 'مدخل بيانات - قسم المساعدات', 2, '2018-08-19 09:53:14', '2018-08-19 09:53:14', NULL),
(30, 'مدخل بيانات - قسم المساعدات', 3, '2018-08-19 09:53:14', '2018-08-19 09:53:14', NULL),
(31, 'مدخل بيانات - قسم المساعدات', 4, '2018-08-19 09:53:14', '2018-08-19 09:53:14', NULL),
(32, 'مدخل بيانات - قسم المساعدات', 5, '2018-08-19 09:53:14', '2018-08-19 09:53:14', NULL),
(33, 'مدخل بيانات - قسم المساعدات', 6, '2018-08-19 09:53:14', '2018-08-19 09:53:14', NULL),
(34, 'مدخل بيانات - قسم المساعدات', 7, '2018-08-19 09:53:14', '2018-08-19 09:53:14', NULL),
(35, 'مدخل بيانات - قسم المساعدات', 8, '2018-08-19 09:53:14', '2018-08-19 09:53:14', NULL),
(36, 'مدخل بيانات - قسم المساعدات', 9, '2018-08-19 09:53:14', '2018-08-19 09:53:14', NULL),
(37, 'مدخل بيانات - قسم المساعدات', 10, '2018-08-19 09:53:14', '2018-08-19 09:53:14', NULL),
(38, 'مدخل بيانات - قسم المساعدات', 11, '2018-08-19 09:53:14', '2018-08-19 09:53:14', NULL),
(39, 'مدخل بيانات - قسم المساعدات', 12, '2018-08-19 09:53:14', '2018-08-19 09:53:14', NULL),
(40, 'مدخل بيانات - قسم الكفالات', 2, '2018-08-19 09:53:28', '2018-08-19 09:53:28', NULL),
(41, 'مدخل بيانات - قسم الكفالات', 3, '2018-08-19 09:53:29', '2018-08-19 09:53:29', NULL),
(42, 'مدخل بيانات - قسم الكفالات', 4, '2018-08-19 09:53:29', '2018-08-19 09:53:29', NULL),
(43, 'مدخل بيانات - قسم الكفالات', 5, '2018-08-19 09:53:29', '2018-08-19 09:53:29', NULL),
(44, 'مدخل بيانات - قسم الكفالات', 6, '2018-08-19 09:53:29', '2018-08-19 09:53:29', NULL),
(45, 'مدخل بيانات - قسم الكفالات', 7, '2018-08-19 09:53:29', '2018-08-19 09:53:29', NULL),
(46, 'مدخل بيانات - قسم الكفالات', 8, '2018-08-19 09:53:29', '2018-08-19 09:53:29', NULL),
(47, 'مدخل بيانات - قسم الكفالات', 9, '2018-08-19 09:53:29', '2018-08-19 09:53:29', NULL),
(48, 'مدخل بيانات - قسم الكفالات', 10, '2018-08-19 09:53:29', '2018-08-19 09:53:29', NULL),
(49, 'مدخل بيانات - قسم الكفالات', 11, '2018-08-19 09:53:29', '2018-08-19 09:53:29', NULL),
(50, 'مدخل بيانات - قسم الكفالات', 12, '2018-08-19 09:53:29', '2018-08-19 09:53:29', NULL),
(51, 'مدخل بيانات - قسم الكفالات', 113, '2018-08-19 09:53:29', '2018-08-19 09:53:29', NULL);
INSERT INTO `char_roles_permissions` (`role_id`, `permission_id`, `allow`, `created_at`, `created_by`) VALUES
(1, 1, 1, '2018-07-11 09:07:44', 1),
(1, 2, 1, '2018-07-11 09:07:44', 1),
(1, 3, 1, '2018-07-11 09:07:44', 1),
(1, 4, 1, '2018-07-11 09:07:44', 1),
(1, 5, 1, '2018-07-11 09:07:44', 1),
(1, 6, 1, '2018-07-11 09:07:44', 1),
(1, 7, 1, '2018-07-11 09:07:44', 1),
(1, 8, 1, '2018-07-11 09:07:44', 1),
(1, 9, 1, '2018-07-11 09:07:44', 1),
(1, 10, 1, '2018-07-11 09:07:44', 1),
(1, 11, 1, '2018-07-11 09:07:44', 1),
(1, 12, 1, '2018-07-11 09:07:44', 1),
(1, 13, 1, '2018-07-11 09:07:44', 1),
(1, 14, 1, '2018-07-11 09:07:44', 1),
(1, 15, 1, '2018-07-11 09:07:44', 1),
(1, 16, 1, '2018-07-11 09:07:44', 1),
(1, 17, 1, '2018-07-11 09:07:44', 1),
(1, 18, 1, '2018-07-11 09:07:44', 1),
(1, 19, 1, '2018-07-11 09:07:44', 1),
(1, 20, 1, '2018-07-11 09:07:44', 1),
(1, 21, 1, '2018-07-11 09:07:44', 1),
(1, 22, 1, '2018-07-11 09:07:44', 1),
(1, 23, 1, '2018-07-11 09:07:44', 1),
(1, 24, 1, '2018-07-11 09:07:44', 1),
(1, 25, 1, '2018-07-11 09:07:44', 1),
(1, 26, 1, '2018-07-11 09:07:44', 1),
(1, 27, 1, '2018-07-11 09:07:44', 1),
(1, 28, 1, '2018-07-11 09:07:44', 1),
(1, 29, 1, '2018-07-11 09:07:44', 1),
(1, 30, 1, '2018-07-11 09:07:44', 1),
(1, 31, 1, '2018-07-11 09:07:44', 1),
(1, 32, 1, '2018-07-11 09:07:44', 1),
(1, 33, 1, '2018-07-11 09:07:44', 1),
(1, 34, 1, '2018-07-11 09:07:44', 1),
(1, 35, 1, '2018-07-11 09:07:44', 1),
(1, 36, 1, '2018-07-11 09:07:44', 1),
(1, 37, 1, '2018-07-11 09:07:44', 1),
(1, 130, 1, '2018-07-11 09:07:44', 1),
(1, 132, 1, '2018-07-11 09:07:44', 1),
(1, 153, 1, '2018-07-11 09:07:44', 1),
(1, 154, 1, '2018-07-11 09:07:44', 1),
(1, 155, 1, '2018-07-11 09:07:44', 1),
(1, 156, 1, '2018-07-11 09:07:44', 1),
(1, 157, 1, '2018-07-11 09:07:44', 1),
(1, 158, 1, '2018-07-11 09:07:44', 1),
(1, 159, 1, '2018-07-11 09:07:44', 1),
(1, 160, 1, '2018-07-11 09:07:44', 1),
(1, 161, 1, '2018-07-11 09:07:44', 1),
(1, 162, 1, '2018-07-11 09:07:44', 1),
(1, 163, 1, '2018-07-11 09:07:44', 1),
(1, 164, 1, '2018-07-11 09:07:44', 1),
(1, 165, 1, '2018-07-11 09:07:44', 1),
(1, 166, 1, '2018-07-11 09:07:44', 1),
(1, 167, 1, '2018-07-11 09:07:44', 1),
(1, 168, 1, '2018-07-11 09:07:44', 1),
(1, 169, 1, '2018-07-11 09:07:44', 1),
(1, 170, 1, '2018-07-11 09:07:44', 1),
(1, 171, 1, '2018-07-11 09:07:44', 1),
(1, 172, 1, '2018-07-11 09:07:44', 1),
(1, 173, 1, '2018-07-11 09:07:44', 1),
(1, 174, 1, '2018-07-11 09:07:44', 1),
(1, 175, 1, '2018-07-11 09:07:44', 1),
(1, 176, 1, '2018-07-11 09:07:44', 1),
(1, 177, 1, '2018-07-11 09:07:44', 1),
(1, 178, 1, '2018-07-11 09:07:44', 1),
(1, 179, 1, '2018-07-11 09:07:44', 1),
(1, 180, 1, '2018-07-11 09:07:44', 1),
(1, 181, 1, '2018-07-11 09:07:44', 1),
(1, 182, 1, '2018-07-11 09:07:44', 1),
(1, 183, 1, '2018-07-11 09:07:44', 1),
(1, 184, 1, '2018-07-11 09:07:44', 1),
(1, 185, 1, '2018-07-11 09:07:44', 1),
(1, 186, 1, '2018-07-11 09:07:44', 1),
(1, 187, 1, '2018-07-11 09:07:44', 1),
(1, 188, 1, '2018-07-11 09:07:44', 1),
(1, 189, 1, '2018-07-11 09:07:44', 1),
(1, 190, 1, '2018-07-11 09:07:44', 1),
(1, 191, 1, '2018-07-11 09:07:44', 1),
(1, 192, 1, '2018-07-11 09:07:44', 1),
(1, 193, 1, '2018-07-11 09:07:44', 1),
(1, 194, 1, '2018-07-11 09:07:44', 1),
(1, 195, 1, '2018-07-11 09:07:44', 1),
(1, 196, 1, '2018-07-11 09:07:44', 1),
(1, 197, 1, '2018-07-11 09:07:44', 1),
(1, 198, 1, '2018-07-11 09:07:44', 1),
(1, 199, 1, '2018-07-11 09:07:44', 1),
(1, 200, 1, '2018-07-11 09:07:44', 1),
(1, 201, 1, '2018-07-11 09:07:44', 1),
(1, 202, 1, '2018-07-11 09:07:44', 1),
(1, 203, 1, '2018-07-11 09:07:44', 1),
(1, 204, 1, '2018-07-11 09:07:44', 1),
(1, 205, 1, '2018-07-11 09:07:44', 1),
(1, 206, 1, '2018-07-11 09:07:44', 1),
(1, 207, 1, '2018-07-11 09:07:44', 1),
(1, 208, 1, '2018-07-11 09:07:44', 1),
(1, 209, 1, '2018-07-11 09:07:44', 1),
(1, 210, 1, '2018-07-11 09:07:44', 1),
(1, 211, 1, '2018-07-11 09:07:44', 1),
(1, 212, 1, '2018-07-11 09:07:44', 1),
(1, 213, 1, '2018-07-11 09:07:44', 1),
(1, 214, 1, '2018-07-11 09:07:44', 1),
(1, 215, 1, '2018-07-11 09:07:44', 1),
(1, 222, 1, '2018-07-11 09:07:44', 1),
(1, 223, 1, '2018-07-11 09:07:44', 1),
(1, 224, 1, '2018-07-11 09:07:44', 1),
(1, 225, 1, '2018-07-11 09:07:44', 1),
(1, 226, 1, '2018-07-11 09:07:44', 1),
(1, 227, 1, '2018-07-11 09:07:44', 1),
(1, 228, 1, '2018-07-11 09:07:44', 1),
(1, 229, 1, '2018-07-11 09:07:44', 1),
(1, 230, 1, '2018-07-11 09:07:44', 1),
(1, 231, 1, '2018-07-11 09:07:44', 1),
(1, 232, 1, '2018-07-11 09:07:44', 1),
(1, 233, 1, '2018-07-11 09:07:44', 1),
(1, 234, 1, '2018-07-11 09:07:44', 1),
(1, 235, 1, '2018-07-11 09:07:44', 1),
(1, 236, 1, '2018-07-11 09:07:44', 1),
(1, 237, 1, '2018-07-11 09:07:44', 1),
(1, 238, 1, '2018-07-11 09:07:44', 1),
(1, 239, 1, '2018-07-11 09:07:44', 1),
(1, 240, 1, '2018-07-11 09:07:44', 1),
(1, 241, 1, '2018-07-11 09:07:44', 1),
(1, 242, 1, '2018-07-11 09:07:44', 1),
(1, 243, 1, '2018-07-11 09:07:44', 1),
(1, 244, 1, '2018-07-11 09:07:44', 1),
(1, 245, 1, '2018-07-11 09:07:44', 1),
(1, 246, 1, '2018-07-11 09:07:44', 1),
(1, 247, 1, '2018-07-11 09:07:44', 1),
(1, 248, 1, '2018-07-11 09:07:44', 1),
(1, 249, 1, '2018-07-11 09:07:44', 1),
(1, 250, 1, '2018-07-11 09:07:44', 1),
(1, 251, 1, '2018-07-11 09:07:44', 1),
(1, 252, 1, '2018-07-11 09:07:44', 1),
(1, 253, 1, '2018-07-11 09:07:44', 1),
(1, 254, 1, '2018-07-11 09:07:44', 1),
(1, 255, 1, '2018-07-11 09:07:44', 1),
(1, 256, 1, '2018-07-11 09:07:44', 1),
(1, 257, 1, '2018-07-11 09:07:44', 1),
(1, 270, 1, '2018-07-11 09:07:44', 1),
(1, 271, 1, '2018-07-11 09:07:44', 1),
(1, 272, 1, '2018-07-11 09:07:44', 1),
(1, 273, 1, '2018-07-11 09:07:44', 1),
(1, 274, 1, '2018-07-11 09:07:44', 1),
(1, 275, 1, '2018-07-11 09:07:44', 1),
(1, 276, 1, '2018-07-11 09:07:44', 1),
(1, 277, 1, '2018-07-11 09:07:44', 1),
(1, 278, 1, '2018-07-11 09:07:44', 1),
(1, 279, 1, '2018-07-11 09:07:44', 1),
(1, 280, 1, '2018-07-11 09:07:44', 1),
(1, 281, 1, '2018-07-11 09:07:44', 1),
(1, 282, 1, '2018-07-11 09:07:44', 1),
(1, 283, 1, '2018-07-11 09:07:44', 1),
(1, 284, 1, '2018-07-11 09:07:44', 1),
(1, 285, 1, '2018-07-11 09:07:44', 1),
(1, 286, 1, '2018-07-11 09:07:44', 1),
(1, 287, 1, '2018-07-11 09:07:44', 1),
(1, 288, 1, '2018-07-11 09:07:44', 1),
(1, 289, 1, '2018-07-11 09:07:44', 1),
(1, 290, 1, '2018-07-11 09:07:44', 1),
(1, 291, 1, '2018-07-11 09:07:44', 1),
(1, 292, 1, '2018-07-11 09:07:44', 1),
(1, 293, 1, '2018-07-11 09:07:44', 1),
(1, 294, 1, '2018-07-11 09:07:44', 1),
(1, 297, 1, '2018-07-11 09:07:44', 1),
(1, 298, 1, '2018-07-11 09:07:44', 1),
(1, 299, 1, '2018-07-11 09:07:44', 1),
(1, 300, 1, '2018-07-11 09:07:44', 1),
(1, 301, 1, '2018-07-11 09:07:44', 1),
(1, 302, 1, '2018-07-11 09:07:44', 1),
(1, 303, 1, '2018-07-11 09:07:44', 1),
(1, 304, 1, '2018-07-11 09:07:44', 1),
(1, 305, 1, '2018-07-11 09:07:44', 1),
(1, 311, 1, '2018-07-11 09:07:44', 1),
(1, 312, 1, '2018-07-11 09:07:44', 1),
(1, 313, 1, '2018-07-11 09:07:44', 1),
(1, 314, 1, '2018-07-11 09:07:44', 1),
(1, 315, 1, '2018-07-11 09:07:44', 1),
(1, 340, 1, '2018-07-11 09:07:44', 1),
(1, 341, 1, '2018-07-11 09:07:44', 1),
(1, 342, 1, '2018-07-11 09:07:44', 1),
(1, 343, 1, '2018-07-11 09:07:44', 1),
(1, 357, 1, '2018-07-11 09:07:44', 1),
(1, 358, 1, '2018-07-11 09:07:44', 1),
(2, 1, 1, '2018-08-27 08:54:16', 1),
(2, 2, 1, '2018-08-27 08:54:16', 1),
(2, 3, 1, '2018-08-27 08:54:16', 1),
(2, 4, 1, '2018-08-27 08:54:16', 1),
(2, 5, 1, '2018-08-27 08:54:16', 1),
(2, 6, 1, '2018-08-27 08:54:16', 1),
(2, 7, 1, '2018-08-27 08:54:16', 1),
(2, 8, 1, '2018-08-27 08:54:16', 1),
(2, 9, 1, '2018-08-27 08:54:16', 1),
(2, 10, 1, '2018-08-27 08:54:16', 1),
(2, 11, 1, '2018-08-27 08:54:16', 1),
(2, 12, 1, '2018-08-27 08:54:16', 1),
(2, 13, 1, '2018-08-27 08:54:16', 1),
(2, 14, 1, '2018-08-27 08:54:16', 1),
(2, 15, 1, '2018-08-27 08:54:16', 1),
(2, 16, 1, '2018-08-27 08:54:16', 1),
(2, 17, 1, '2018-08-27 08:54:16', 1),
(2, 18, 1, '2018-08-27 08:54:16', 1),
(2, 19, 1, '2018-08-27 08:54:16', 1),
(2, 20, 1, '2018-08-27 08:54:16', 1),
(2, 21, 1, '2018-08-27 08:54:16', 1),
(2, 22, 1, '2018-08-27 08:54:16', 1),
(2, 23, 1, '2018-08-27 08:54:16', 1),
(2, 24, 1, '2018-08-27 08:54:16', 1),
(2, 25, 1, '2018-08-27 08:54:16', 1),
(2, 26, 1, '2018-08-27 08:54:16', 1),
(2, 28, 1, '2018-08-27 08:54:16', 1),
(2, 30, 1, '2018-08-27 08:54:16', 1),
(2, 32, 1, '2018-08-27 08:54:16', 1),
(2, 34, 1, '2018-08-27 08:54:16', 1),
(2, 36, 1, '2018-08-27 08:54:16', 1),
(2, 37, 1, '2018-08-27 08:54:16', 1),
(2, 153, 1, '2018-08-27 08:54:16', 1),
(2, 154, 1, '2018-08-27 08:54:16', 1),
(2, 155, 1, '2018-08-27 08:54:16', 1),
(2, 156, 1, '2018-08-27 08:54:16', 1),
(2, 157, 1, '2018-08-27 08:54:16', 1),
(2, 158, 1, '2018-08-27 08:54:16', 1),
(2, 159, 1, '2018-08-27 08:54:16', 1),
(2, 160, 1, '2018-08-27 08:54:16', 1),
(2, 161, 1, '2018-08-27 08:54:16', 1),
(2, 162, 1, '2018-08-27 08:54:16', 1),
(2, 163, 1, '2018-08-27 08:54:16', 1),
(2, 164, 1, '2018-08-27 08:54:16', 1),
(2, 165, 1, '2018-08-27 08:54:16', 1),
(2, 166, 1, '2018-08-27 08:54:16', 1),
(2, 167, 1, '2018-08-27 08:54:16', 1),
(2, 168, 1, '2018-08-27 08:54:16', 1),
(2, 169, 1, '2018-08-27 08:54:16', 1),
(2, 170, 1, '2018-08-27 08:54:16', 1),
(2, 171, 1, '2018-08-27 08:54:16', 1),
(2, 172, 1, '2018-08-27 08:54:16', 1),
(2, 177, 1, '2018-08-27 08:54:16', 1),
(2, 178, 1, '2018-08-27 08:54:16', 1),
(2, 179, 1, '2018-08-27 08:54:16', 1),
(2, 180, 1, '2018-08-27 08:54:16', 1),
(2, 181, 1, '2018-08-27 08:54:16', 1),
(2, 182, 1, '2018-08-27 08:54:16', 1),
(2, 188, 1, '2018-08-27 08:54:16', 1),
(2, 189, 1, '2018-08-27 08:54:16', 1),
(2, 190, 1, '2018-08-27 08:54:16', 1),
(2, 191, 1, '2018-08-27 08:54:16', 1),
(2, 192, 1, '2018-08-27 08:54:16', 1),
(2, 193, 1, '2018-08-27 08:54:16', 1),
(2, 194, 1, '2018-08-27 08:54:16', 1),
(2, 195, 1, '2018-08-27 08:54:16', 1),
(2, 196, 1, '2018-08-27 08:54:16', 1),
(2, 197, 1, '2018-08-27 08:54:16', 1),
(2, 198, 1, '2018-08-27 08:54:16', 1),
(2, 199, 1, '2018-08-27 08:54:16', 1),
(2, 200, 0, '2018-08-27 08:54:16', 1),
(2, 201, 0, '2018-08-27 08:54:16', 1),
(2, 202, 0, '2018-08-27 08:54:16', 1),
(2, 203, 0, '2018-08-27 08:54:16', 1),
(2, 204, 1, '2018-08-27 08:54:16', 1),
(2, 205, 1, '2018-08-27 08:54:16', 1),
(2, 206, 1, '2018-08-27 08:54:16', 1),
(2, 207, 1, '2018-08-27 08:54:16', 1),
(2, 208, 1, '2018-08-27 08:54:16', 1),
(2, 209, 1, '2018-08-27 08:54:16', 1),
(2, 210, 1, '2018-08-27 08:54:16', 1),
(2, 211, 1, '2018-08-27 08:54:16', 1),
(2, 212, 1, '2018-08-27 08:54:16', 1),
(2, 213, 1, '2018-08-27 08:54:16', 1),
(2, 214, 1, '2018-08-27 08:54:16', 1),
(2, 215, 1, '2018-08-27 08:54:16', 1),
(2, 222, 1, '2018-08-27 08:54:16', 1),
(2, 223, 1, '2018-08-27 08:54:16', 1),
(2, 224, 1, '2018-08-27 08:54:16', 1),
(2, 225, 1, '2018-08-27 08:54:16', 1),
(2, 226, 1, '2018-08-27 08:54:16', 1),
(2, 227, 1, '2018-08-27 08:54:16', 1),
(2, 228, 1, '2018-08-27 08:54:16', 1),
(2, 229, 1, '2018-08-27 08:54:16', 1),
(2, 230, 1, '2018-08-27 08:54:16', 1),
(2, 231, 1, '2018-08-27 08:54:16', 1),
(2, 232, 1, '2018-08-27 08:54:16', 1),
(2, 233, 1, '2018-08-27 08:54:16', 1),
(2, 234, 1, '2018-08-27 08:54:16', 1),
(2, 235, 1, '2018-08-27 08:54:16', 1),
(2, 236, 1, '2018-08-27 08:54:16', 1),
(2, 237, 1, '2018-08-27 08:54:16', 1),
(2, 238, 1, '2018-08-27 08:54:16', 1),
(2, 239, 1, '2018-08-27 08:54:16', 1),
(2, 240, 1, '2018-08-27 08:54:16', 1),
(2, 241, 1, '2018-08-27 08:54:16', 1),
(2, 242, 1, '2018-08-27 08:54:16', 1),
(2, 243, 1, '2018-08-27 08:54:16', 1),
(2, 244, 1, '2018-08-27 08:54:16', 1),
(2, 245, 1, '2018-08-27 08:54:16', 1),
(2, 246, 1, '2018-08-27 08:54:16', 1),
(2, 247, 1, '2018-08-27 08:54:16', 1),
(2, 248, 1, '2018-08-27 08:54:16', 1),
(2, 254, 1, '2018-08-27 08:54:16', 1),
(2, 255, 1, '2018-08-27 08:54:16', 1),
(2, 256, 1, '2018-08-27 08:54:16', 1),
(2, 257, 1, '2018-08-27 08:54:16', 1),
(2, 270, 0, '2018-08-27 08:54:16', 1),
(2, 271, 0, '2018-08-27 08:54:16', 1),
(2, 272, 0, '2018-08-27 08:54:16', 1),
(2, 273, 0, '2018-08-27 08:54:16', 1),
(2, 274, 0, '2018-08-27 08:54:16', 1),
(2, 275, 1, '2018-08-27 08:54:16', 1),
(2, 276, 1, '2018-08-27 08:54:16', 1),
(2, 282, 1, '2018-08-27 08:54:16', 1),
(2, 283, 1, '2018-08-27 08:54:16', 1),
(2, 284, 1, '2018-08-27 08:54:16', 1),
(2, 285, 1, '2018-08-27 08:54:16', 1),
(2, 286, 1, '2018-08-27 08:54:16', 1),
(2, 287, 1, '2018-08-27 08:54:16', 1),
(2, 288, 1, '2018-08-27 08:54:16', 1),
(2, 289, 1, '2018-08-27 08:54:16', 1),
(2, 290, 1, '2018-08-27 08:54:16', 1),
(2, 291, 1, '2018-08-27 08:54:16', 1),
(2, 292, 1, '2018-08-27 08:54:16', 1),
(2, 293, 1, '2018-08-27 08:54:16', 1),
(2, 294, 1, '2018-08-27 08:54:16', 1),
(2, 297, 1, '2018-08-27 08:54:16', 1),
(2, 298, 1, '2018-08-27 08:54:16', 1),
(2, 299, 1, '2018-08-27 08:54:16', 1),
(2, 300, 1, '2018-08-27 08:54:16', 1),
(2, 301, 1, '2018-08-27 08:54:16', 1),
(2, 302, 1, '2018-08-27 08:54:16', 1),
(2, 303, 1, '2018-08-27 08:54:16', 1),
(2, 304, 1, '2018-08-27 08:54:16', 1),
(2, 305, 1, '2018-08-27 08:54:16', 1),
(2, 306, 1, '2018-08-27 08:54:16', 1),
(2, 307, 1, '2018-08-27 08:54:16', 1),
(2, 308, 1, '2018-08-27 08:54:16', 1),
(2, 309, 1, '2018-08-27 08:54:16', 1),
(2, 310, 1, '2018-08-27 08:54:16', 1),
(2, 311, 1, '2018-08-27 08:54:16', 1),
(2, 312, 1, '2018-08-27 08:54:16', 1),
(2, 313, 1, '2018-08-27 08:54:16', 1),
(2, 314, 1, '2018-08-27 08:54:16', 1),
(2, 315, 1, '2018-08-27 08:54:16', 1),
(2, 316, 1, '2018-08-27 08:54:16', 1),
(2, 317, 1, '2018-08-27 08:54:16', 1),
(2, 318, 1, '2018-08-27 08:54:16', 1),
(2, 319, 1, '2018-08-27 08:54:16', 1),
(2, 320, 1, '2018-08-27 08:54:16', 1),
(2, 335, 1, '2018-08-27 08:54:16', 1),
(2, 336, 1, '2018-08-27 08:54:16', 1),
(2, 337, 1, '2018-08-27 08:54:16', 1),
(2, 338, 1, '2018-08-27 08:54:16', 1),
(2, 339, 1, '2018-08-27 08:54:16', 1),
(2, 340, 1, '2018-08-27 08:54:16', 1),
(2, 341, 0, '2018-08-27 08:54:16', 1),
(2, 342, 1, '2018-08-27 08:54:16', 1),
(2, 343, 1, '2018-08-27 08:54:16', 1),
(2, 360, 1, '2018-08-27 08:54:16', 1),
(2, 361, 1, '2018-08-27 08:54:16', 1),
(2, 362, 1, '2018-08-27 08:54:16', 1),
(2, 363, 1, '2018-08-27 08:54:16', 1),
(2, 364, 1, '2018-08-27 08:54:16', 1),
(2, 365, 1, '2018-08-27 08:54:16', 1),
(2, 366, 1, '2018-08-27 08:54:16', 1),
(2, 367, 1, '2018-08-27 08:54:16', 1),
(2, 368, 1, '2018-08-27 08:54:16', 1),
(2, 369, 1, '2018-08-27 08:54:16', 1),
(2, 370, 1, '2018-08-27 08:54:16', 1),
(2, 371, 1, '2018-08-27 08:54:16', 1),
(2, 373, 1, '2018-08-27 08:54:16', 1),
(2, 374, 1, '2018-08-27 08:54:16', 1),
(3, 200, 1, '2018-08-13 20:59:32', 1),
(3, 201, 1, '2018-08-13 20:59:32', 1),
(3, 202, 1, '2018-08-13 20:59:32', 1),
(3, 203, 1, '2018-08-13 20:59:32', 1),
(3, 204, 1, '2018-08-13 20:59:32', 1),
(3, 205, 1, '2018-08-13 20:59:32', 1),
(3, 206, 1, '2018-08-13 20:59:32', 1),
(3, 207, 1, '2018-08-13 20:59:32', 1),
(3, 208, 1, '2018-08-13 20:59:32', 1),
(3, 209, 1, '2018-08-13 20:59:32', 1),
(3, 210, 1, '2018-08-13 20:59:32', 1),
(3, 211, 1, '2018-08-13 20:59:32', 1),
(3, 212, 1, '2018-08-13 20:59:32', 1),
(3, 213, 1, '2018-08-13 20:59:32', 1),
(3, 214, 1, '2018-08-13 20:59:32', 1),
(3, 215, 1, '2018-08-13 20:59:32', 1),
(3, 222, 1, '2018-08-13 20:59:32', 1),
(3, 223, 1, '2018-08-13 20:59:32', 1),
(3, 224, 1, '2018-08-13 20:59:32', 1),
(3, 225, 1, '2018-08-13 20:59:32', 1),
(3, 226, 1, '2018-08-13 20:59:32', 1),
(3, 227, 1, '2018-08-13 20:59:32', 1),
(3, 228, 1, '2018-08-13 20:59:32', 1),
(3, 229, 1, '2018-08-13 20:59:32', 1),
(3, 230, 1, '2018-08-13 20:59:32', 1),
(3, 231, 1, '2018-08-13 20:59:32', 1),
(3, 232, 1, '2018-08-13 20:59:32', 1),
(3, 233, 1, '2018-08-13 20:59:32', 1),
(3, 234, 1, '2018-08-13 20:59:32', 1),
(3, 235, 1, '2018-08-13 20:59:32', 1),
(3, 236, 1, '2018-08-13 20:59:32', 1),
(3, 237, 1, '2018-08-13 20:59:32', 1),
(3, 238, 1, '2018-08-13 20:59:32', 1),
(3, 239, 1, '2018-08-13 20:59:32', 1),
(3, 270, 1, '2018-08-13 20:59:32', 1),
(3, 271, 1, '2018-08-13 20:59:32', 1),
(3, 272, 1, '2018-08-13 20:59:32', 1),
(3, 273, 1, '2018-08-13 20:59:32', 1),
(3, 274, 1, '2018-08-13 20:59:32', 1),
(3, 282, 1, '2018-08-13 20:59:32', 1),
(3, 287, 1, '2018-08-13 20:59:32', 1),
(3, 288, 1, '2018-08-13 20:59:32', 1),
(3, 289, 1, '2018-08-13 20:59:32', 1),
(3, 290, 1, '2018-08-13 20:59:32', 1),
(3, 292, 1, '2018-08-13 20:59:32', 1),
(3, 293, 1, '2018-08-13 20:59:32', 1),
(3, 294, 1, '2018-08-13 20:59:32', 1),
(3, 297, 1, '2018-08-13 20:59:32', 1),
(3, 298, 1, '2018-08-13 20:59:32', 1),
(3, 301, 1, '2018-08-13 20:59:32', 1),
(3, 302, 1, '2018-08-13 20:59:32', 1),
(3, 303, 1, '2018-08-13 20:59:32', 1),
(3, 304, 1, '2018-08-13 20:59:32', 1),
(3, 305, 1, '2018-08-13 20:59:32', 1),
(3, 311, 1, '2018-08-13 20:59:32', 1),
(3, 312, 1, '2018-08-13 20:59:32', 1),
(3, 313, 1, '2018-08-13 20:59:32', 1),
(3, 314, 1, '2018-08-13 20:59:32', 1),
(3, 315, 1, '2018-08-13 20:59:32', 1),
(3, 340, 1, '2018-08-13 20:59:32', 1),
(3, 341, 1, '2018-08-13 20:59:32', 1),
(3, 352, 1, '2018-08-13 20:59:32', 1),
(3, 353, 1, '2018-08-13 20:59:32', 1),
(3, 356, 1, '2018-08-13 20:59:32', 1),
(3, 360, 1, '2018-08-13 20:59:32', 1),
(3, 361, 1, '2018-08-13 20:59:32', 1),
(3, 362, 1, '2018-08-13 20:59:32', 1),
(3, 363, 1, '2018-08-13 20:59:32', 1),
(3, 364, 1, '2018-08-13 20:59:32', 1),
(3, 365, 1, '2018-08-13 20:59:32', 1),
(3, 366, 1, '2018-08-13 20:59:32', 1),
(3, 367, 1, '2018-08-13 20:59:32', 1),
(3, 368, 1, '2018-08-13 20:59:32', 1),
(3, 369, 1, '2018-08-13 20:59:32', 1),
(3, 370, 1, '2018-08-13 20:59:32', 1),
(3, 371, 1, '2018-08-13 20:59:32', 1),
(3, 374, 1, '2018-08-13 20:59:32', 1),
(4, 173, 1, '2018-08-13 21:08:19', 1),
(4, 174, 1, '2018-08-13 21:08:19', 1),
(4, 175, 1, '2018-08-13 21:08:19', 1),
(4, 176, 1, '2018-08-13 21:08:19', 1),
(4, 177, 1, '2018-08-13 21:08:19', 1),
(4, 178, 1, '2018-08-13 21:08:19', 1),
(4, 179, 1, '2018-08-13 21:08:19', 1),
(4, 180, 1, '2018-08-13 21:08:19', 1),
(4, 181, 1, '2018-08-13 21:08:19', 1),
(4, 182, 1, '2018-08-13 21:08:19', 1),
(4, 183, 1, '2018-08-13 21:08:19', 1),
(4, 184, 1, '2018-08-13 21:08:19', 1),
(4, 185, 1, '2018-08-13 21:08:19', 1),
(4, 186, 1, '2018-08-13 21:08:19', 1),
(4, 187, 1, '2018-08-13 21:08:19', 1),
(4, 188, 1, '2018-08-13 21:08:19', 1),
(4, 189, 1, '2018-08-13 21:08:19', 1),
(4, 190, 1, '2018-08-13 21:08:19', 1),
(4, 191, 1, '2018-08-13 21:08:19', 1),
(4, 192, 1, '2018-08-13 21:08:19', 1),
(4, 193, 1, '2018-08-13 21:08:19', 1),
(4, 194, 1, '2018-08-13 21:08:19', 1),
(4, 195, 1, '2018-08-13 21:08:19', 1),
(4, 196, 1, '2018-08-13 21:08:19', 1),
(4, 197, 1, '2018-08-13 21:08:19', 1),
(4, 198, 1, '2018-08-13 21:08:19', 1),
(4, 199, 1, '2018-08-13 21:08:19', 1),
(4, 254, 1, '2018-08-13 21:08:19', 1),
(4, 255, 1, '2018-08-13 21:08:19', 1),
(4, 256, 1, '2018-08-13 21:08:19', 1),
(4, 257, 1, '2018-08-13 21:08:19', 1),
(4, 275, 1, '2018-08-13 21:08:19', 1),
(4, 276, 1, '2018-08-13 21:08:19', 1),
(4, 277, 1, '2018-08-13 21:08:19', 1),
(4, 278, 1, '2018-08-13 21:08:19', 1),
(4, 279, 1, '2018-08-13 21:08:19', 1),
(4, 280, 1, '2018-08-13 21:08:19', 1),
(4, 281, 1, '2018-08-13 21:08:19', 1),
(4, 283, 1, '2018-08-13 21:08:19', 1),
(4, 284, 1, '2018-08-13 21:08:19', 1),
(4, 285, 1, '2018-08-13 21:08:19', 1),
(4, 286, 1, '2018-08-13 21:08:19', 1),
(4, 291, 1, '2018-08-13 21:08:19', 1),
(4, 306, 1, '2018-08-13 21:08:19', 1),
(4, 307, 1, '2018-08-13 21:08:19', 1),
(4, 308, 1, '2018-08-13 21:08:19', 1),
(4, 309, 1, '2018-08-13 21:08:19', 1),
(4, 310, 1, '2018-08-13 21:08:19', 1),
(4, 316, 1, '2018-08-13 21:08:19', 1),
(4, 317, 1, '2018-08-13 21:08:19', 1),
(4, 318, 1, '2018-08-13 21:08:19', 1),
(4, 319, 1, '2018-08-13 21:08:19', 1),
(4, 320, 1, '2018-08-13 21:08:19', 1),
(4, 339, 1, '2018-08-13 21:08:19', 1),
(4, 351, 1, '2018-08-13 21:08:19', 1),
(4, 354, 1, '2018-08-13 21:08:19', 1),
(4, 355, 1, '2018-08-13 21:08:19', 1),
(4, 373, 1, '2018-08-13 21:08:19', 1),
(5, 189, 1, '2018-08-19 09:50:41', 1),
(5, 190, 1, '2018-08-19 09:50:41', 1),
(6, 211, 1, '2018-08-19 09:51:29', 1),
(6, 212, 1, '2018-08-19 09:51:29', 1),
(7, 200, 1, '2018-08-19 12:52:27', NULL),
(7, 201, 1, '2018-08-19 12:52:27', NULL),
(7, 202, 1, '2018-08-19 12:52:27', NULL),
(7, 203, 1, '2018-08-19 12:52:27', NULL),
(7, 204, 1, '2018-08-19 12:52:27', NULL),
(7, 205, 1, '2018-08-19 12:52:27', NULL),
(7, 206, 1, '2018-08-19 12:52:27', NULL),
(7, 207, 1, '2018-08-19 12:52:27', NULL),
(7, 208, 1, '2018-08-19 12:52:27', NULL),
(7, 209, 1, '2018-08-19 12:52:27', NULL),
(7, 210, 1, '2018-08-19 12:52:27', NULL),
(7, 211, 1, '2018-08-19 12:52:27', NULL),
(7, 212, 1, '2018-08-19 12:52:27', NULL),
(7, 213, 1, '2018-08-19 12:52:27', NULL),
(7, 214, 1, '2018-08-19 12:52:27', NULL),
(7, 215, 1, '2018-08-19 12:52:27', NULL),
(7, 222, 1, '2018-08-19 12:52:27', NULL),
(7, 223, 1, '2018-08-19 12:52:27', NULL),
(7, 224, 1, '2018-08-19 12:52:27', NULL),
(7, 225, 1, '2018-08-19 12:52:27', NULL),
(7, 226, 1, '2018-08-19 12:52:27', NULL),
(7, 227, 1, '2018-08-19 12:52:27', NULL),
(7, 228, 1, '2018-08-19 12:52:27', NULL),
(7, 229, 1, '2018-08-19 12:52:27', NULL),
(7, 230, 1, '2018-08-19 12:52:27', NULL),
(7, 231, 1, '2018-08-19 12:52:27', NULL),
(7, 232, 1, '2018-08-19 12:52:27', NULL),
(7, 233, 1, '2018-08-19 12:52:27', NULL),
(7, 234, 1, '2018-08-19 12:52:27', NULL),
(7, 235, 1, '2018-08-19 12:52:27', NULL),
(7, 236, 1, '2018-08-19 12:52:27', NULL),
(7, 237, 1, '2018-08-19 12:52:27', NULL),
(7, 238, 1, '2018-08-19 12:52:27', NULL),
(7, 239, 1, '2018-08-19 12:52:27', NULL),
(7, 270, 1, '2018-08-19 12:52:27', NULL),
(7, 271, 1, '2018-08-19 12:52:27', NULL),
(7, 272, 1, '2018-08-19 12:52:27', NULL),
(7, 273, 1, '2018-08-19 12:52:27', NULL),
(7, 274, 1, '2018-08-19 12:52:27', NULL),
(7, 282, 1, '2018-08-19 12:52:27', NULL),
(7, 287, 1, '2018-08-19 12:52:27', NULL),
(7, 288, 1, '2018-08-19 12:52:27', NULL),
(7, 289, 1, '2018-08-19 12:52:27', NULL),
(7, 290, 1, '2018-08-19 12:52:27', NULL),
(7, 292, 1, '2018-08-19 12:52:27', NULL),
(7, 293, 1, '2018-08-19 12:52:27', NULL),
(7, 294, 1, '2018-08-19 12:52:27', NULL),
(7, 297, 1, '2018-08-19 12:52:27', NULL),
(7, 298, 1, '2018-08-19 12:52:27', NULL),
(7, 301, 1, '2018-08-19 12:52:27', NULL),
(7, 302, 1, '2018-08-19 12:52:27', NULL),
(7, 303, 1, '2018-08-19 12:52:27', NULL),
(7, 304, 1, '2018-08-19 12:52:27', NULL),
(7, 305, 1, '2018-08-19 12:52:27', NULL),
(7, 311, 1, '2018-08-19 12:52:27', NULL),
(7, 312, 1, '2018-08-19 12:52:27', NULL),
(7, 313, 1, '2018-08-19 12:52:27', NULL),
(7, 314, 1, '2018-08-19 12:52:27', NULL),
(7, 315, 1, '2018-08-19 12:52:27', NULL),
(7, 340, 1, '2018-08-19 12:52:27', NULL),
(7, 341, 1, '2018-08-19 12:52:27', NULL),
(7, 352, 1, '2018-08-19 12:52:27', NULL),
(7, 353, 1, '2018-08-19 12:52:27', NULL),
(7, 356, 1, '2018-08-19 12:52:27', NULL),
(7, 360, 1, '2018-08-19 12:52:27', NULL),
(7, 361, 1, '2018-08-19 12:52:27', NULL),
(7, 362, 1, '2018-08-19 12:52:27', NULL),
(7, 363, 1, '2018-08-19 12:52:27', NULL),
(7, 364, 1, '2018-08-19 12:52:27', NULL),
(7, 365, 1, '2018-08-19 12:52:27', NULL),
(7, 366, 1, '2018-08-19 12:52:27', NULL),
(7, 367, 1, '2018-08-19 12:52:27', NULL),
(7, 368, 1, '2018-08-19 12:52:27', NULL),
(7, 369, 1, '2018-08-19 12:52:27', NULL),
(7, 370, 1, '2018-08-19 12:52:27', NULL),
(7, 371, 1, '2018-08-19 12:52:27', NULL),
(7, 374, 1, '2018-08-19 12:52:27', NULL),
(8, 200, 1, '2018-08-19 12:52:27', NULL),
(8, 201, 1, '2018-08-19 12:52:27', NULL),
(8, 202, 1, '2018-08-19 12:52:27', NULL),
(8, 203, 1, '2018-08-19 12:52:27', NULL),
(8, 204, 1, '2018-08-19 12:52:27', NULL),
(8, 205, 1, '2018-08-19 12:52:27', NULL),
(8, 206, 1, '2018-08-19 12:52:27', NULL),
(8, 207, 1, '2018-08-19 12:52:27', NULL),
(8, 208, 1, '2018-08-19 12:52:27', NULL),
(8, 209, 1, '2018-08-19 12:52:27', NULL),
(8, 210, 1, '2018-08-19 12:52:27', NULL),
(8, 211, 1, '2018-08-19 12:52:27', NULL),
(8, 212, 1, '2018-08-19 12:52:27', NULL),
(8, 213, 1, '2018-08-19 12:52:27', NULL),
(8, 214, 1, '2018-08-19 12:52:27', NULL),
(8, 215, 1, '2018-08-19 12:52:27', NULL),
(8, 222, 1, '2018-08-19 12:52:27', NULL),
(8, 223, 1, '2018-08-19 12:52:27', NULL),
(8, 224, 1, '2018-08-19 12:52:27', NULL),
(8, 225, 1, '2018-08-19 12:52:27', NULL),
(8, 226, 1, '2018-08-19 12:52:27', NULL),
(8, 227, 1, '2018-08-19 12:52:27', NULL),
(8, 228, 1, '2018-08-19 12:52:27', NULL),
(8, 229, 1, '2018-08-19 12:52:27', NULL),
(8, 230, 1, '2018-08-19 12:52:27', NULL),
(8, 231, 1, '2018-08-19 12:52:27', NULL),
(8, 232, 1, '2018-08-19 12:52:27', NULL),
(8, 233, 1, '2018-08-19 12:52:27', NULL),
(8, 234, 1, '2018-08-19 12:52:27', NULL),
(8, 235, 1, '2018-08-19 12:52:27', NULL),
(8, 236, 1, '2018-08-19 12:52:27', NULL),
(8, 237, 1, '2018-08-19 12:52:27', NULL),
(8, 238, 1, '2018-08-19 12:52:27', NULL),
(8, 239, 1, '2018-08-19 12:52:27', NULL),
(8, 270, 1, '2018-08-19 12:52:27', NULL),
(8, 271, 1, '2018-08-19 12:52:27', NULL),
(8, 272, 1, '2018-08-19 12:52:27', NULL),
(8, 273, 1, '2018-08-19 12:52:27', NULL),
(8, 274, 1, '2018-08-19 12:52:27', NULL),
(8, 282, 1, '2018-08-19 12:52:27', NULL),
(8, 287, 1, '2018-08-19 12:52:27', NULL),
(8, 288, 1, '2018-08-19 12:52:27', NULL),
(8, 289, 1, '2018-08-19 12:52:27', NULL),
(8, 290, 1, '2018-08-19 12:52:27', NULL),
(8, 292, 1, '2018-08-19 12:52:27', NULL),
(8, 293, 1, '2018-08-19 12:52:27', NULL),
(8, 294, 1, '2018-08-19 12:52:27', NULL),
(8, 297, 1, '2018-08-19 12:52:27', NULL),
(8, 298, 1, '2018-08-19 12:52:27', NULL),
(8, 301, 1, '2018-08-19 12:52:27', NULL),
(8, 302, 1, '2018-08-19 12:52:27', NULL),
(8, 303, 1, '2018-08-19 12:52:27', NULL),
(8, 304, 1, '2018-08-19 12:52:27', NULL),
(8, 305, 1, '2018-08-19 12:52:27', NULL),
(8, 311, 1, '2018-08-19 12:52:27', NULL),
(8, 312, 1, '2018-08-19 12:52:27', NULL),
(8, 313, 1, '2018-08-19 12:52:27', NULL),
(8, 314, 1, '2018-08-19 12:52:27', NULL),
(8, 315, 1, '2018-08-19 12:52:27', NULL),
(8, 340, 1, '2018-08-19 12:52:27', NULL),
(8, 341, 1, '2018-08-19 12:52:27', NULL),
(8, 352, 1, '2018-08-19 12:52:27', NULL),
(8, 353, 1, '2018-08-19 12:52:27', NULL),
(8, 356, 1, '2018-08-19 12:52:27', NULL),
(8, 360, 1, '2018-08-19 12:52:27', NULL),
(8, 361, 1, '2018-08-19 12:52:27', NULL),
(8, 362, 1, '2018-08-19 12:52:27', NULL),
(8, 363, 1, '2018-08-19 12:52:27', NULL),
(8, 364, 1, '2018-08-19 12:52:27', NULL),
(8, 365, 1, '2018-08-19 12:52:27', NULL),
(8, 366, 1, '2018-08-19 12:52:27', NULL),
(8, 367, 1, '2018-08-19 12:52:27', NULL),
(8, 368, 1, '2018-08-19 12:52:27', NULL),
(8, 369, 1, '2018-08-19 12:52:27', NULL),
(8, 370, 1, '2018-08-19 12:52:27', NULL),
(8, 371, 1, '2018-08-19 12:52:27', NULL),
(8, 374, 1, '2018-08-19 12:52:27', NULL),
(9, 200, 1, '2018-08-19 12:52:27', NULL),
(9, 201, 1, '2018-08-19 12:52:27', NULL),
(9, 202, 1, '2018-08-19 12:52:27', NULL),
(9, 203, 1, '2018-08-19 12:52:27', NULL),
(9, 204, 1, '2018-08-19 12:52:27', NULL),
(9, 205, 1, '2018-08-19 12:52:27', NULL),
(9, 206, 1, '2018-08-19 12:52:27', NULL),
(9, 207, 1, '2018-08-19 12:52:27', NULL),
(9, 208, 1, '2018-08-19 12:52:27', NULL),
(9, 209, 1, '2018-08-19 12:52:27', NULL),
(9, 210, 1, '2018-08-19 12:52:27', NULL),
(9, 211, 1, '2018-08-19 12:52:27', NULL),
(9, 212, 1, '2018-08-19 12:52:27', NULL),
(9, 213, 1, '2018-08-19 12:52:27', NULL),
(9, 214, 1, '2018-08-19 12:52:27', NULL),
(9, 215, 1, '2018-08-19 12:52:27', NULL),
(9, 222, 1, '2018-08-19 12:52:27', NULL),
(9, 223, 1, '2018-08-19 12:52:27', NULL),
(9, 224, 1, '2018-08-19 12:52:27', NULL),
(9, 225, 1, '2018-08-19 12:52:27', NULL),
(9, 226, 1, '2018-08-19 12:52:27', NULL),
(9, 227, 1, '2018-08-19 12:52:27', NULL),
(9, 228, 1, '2018-08-19 12:52:27', NULL),
(9, 229, 1, '2018-08-19 12:52:27', NULL),
(9, 230, 1, '2018-08-19 12:52:27', NULL),
(9, 231, 1, '2018-08-19 12:52:27', NULL),
(9, 232, 1, '2018-08-19 12:52:27', NULL),
(9, 233, 1, '2018-08-19 12:52:27', NULL),
(9, 234, 1, '2018-08-19 12:52:27', NULL),
(9, 235, 1, '2018-08-19 12:52:27', NULL),
(9, 236, 1, '2018-08-19 12:52:27', NULL),
(9, 237, 1, '2018-08-19 12:52:27', NULL),
(9, 238, 1, '2018-08-19 12:52:27', NULL),
(9, 239, 1, '2018-08-19 12:52:27', NULL),
(9, 270, 1, '2018-08-19 12:52:27', NULL),
(9, 271, 1, '2018-08-19 12:52:27', NULL),
(9, 272, 1, '2018-08-19 12:52:27', NULL),
(9, 273, 1, '2018-08-19 12:52:27', NULL),
(9, 274, 1, '2018-08-19 12:52:27', NULL),
(9, 282, 1, '2018-08-19 12:52:27', NULL),
(9, 287, 1, '2018-08-19 12:52:27', NULL),
(9, 288, 1, '2018-08-19 12:52:27', NULL),
(9, 289, 1, '2018-08-19 12:52:27', NULL),
(9, 290, 1, '2018-08-19 12:52:27', NULL),
(9, 292, 1, '2018-08-19 12:52:27', NULL),
(9, 293, 1, '2018-08-19 12:52:27', NULL),
(9, 294, 1, '2018-08-19 12:52:27', NULL),
(9, 297, 1, '2018-08-19 12:52:27', NULL),
(9, 298, 1, '2018-08-19 12:52:27', NULL),
(9, 301, 1, '2018-08-19 12:52:27', NULL),
(9, 302, 1, '2018-08-19 12:52:27', NULL),
(9, 303, 1, '2018-08-19 12:52:27', NULL),
(9, 304, 1, '2018-08-19 12:52:27', NULL),
(9, 305, 1, '2018-08-19 12:52:27', NULL),
(9, 311, 1, '2018-08-19 12:52:27', NULL),
(9, 312, 1, '2018-08-19 12:52:27', NULL),
(9, 313, 1, '2018-08-19 12:52:27', NULL),
(9, 314, 1, '2018-08-19 12:52:27', NULL),
(9, 315, 1, '2018-08-19 12:52:27', NULL),
(9, 340, 1, '2018-08-19 12:52:27', NULL),
(9, 341, 1, '2018-08-19 12:52:27', NULL),
(9, 352, 1, '2018-08-19 12:52:27', NULL),
(9, 353, 1, '2018-08-19 12:52:27', NULL),
(9, 356, 1, '2018-08-19 12:52:27', NULL),
(9, 360, 1, '2018-08-19 12:52:27', NULL),
(9, 361, 1, '2018-08-19 12:52:27', NULL),
(9, 362, 1, '2018-08-19 12:52:27', NULL),
(9, 363, 1, '2018-08-19 12:52:27', NULL),
(9, 364, 1, '2018-08-19 12:52:27', NULL),
(9, 365, 1, '2018-08-19 12:52:27', NULL),
(9, 366, 1, '2018-08-19 12:52:27', NULL),
(9, 367, 1, '2018-08-19 12:52:27', NULL),
(9, 368, 1, '2018-08-19 12:52:27', NULL),
(9, 369, 1, '2018-08-19 12:52:27', NULL),
(9, 370, 1, '2018-08-19 12:52:27', NULL),
(9, 371, 1, '2018-08-19 12:52:27', NULL),
(9, 374, 1, '2018-08-19 12:52:27', NULL),
(10, 200, 1, '2018-08-19 12:52:27', NULL),
(10, 201, 1, '2018-08-19 12:52:27', NULL),
(10, 202, 1, '2018-08-19 12:52:27', NULL),
(10, 203, 1, '2018-08-19 12:52:27', NULL),
(10, 204, 1, '2018-08-19 12:52:27', NULL),
(10, 205, 1, '2018-08-19 12:52:27', NULL),
(10, 206, 1, '2018-08-19 12:52:27', NULL),
(10, 207, 1, '2018-08-19 12:52:27', NULL),
(10, 208, 1, '2018-08-19 12:52:27', NULL),
(10, 209, 1, '2018-08-19 12:52:27', NULL),
(10, 210, 1, '2018-08-19 12:52:27', NULL),
(10, 211, 1, '2018-08-19 12:52:27', NULL),
(10, 212, 1, '2018-08-19 12:52:27', NULL),
(10, 213, 1, '2018-08-19 12:52:27', NULL),
(10, 214, 1, '2018-08-19 12:52:27', NULL),
(10, 215, 1, '2018-08-19 12:52:27', NULL),
(10, 222, 1, '2018-08-19 12:52:27', NULL),
(10, 223, 1, '2018-08-19 12:52:27', NULL),
(10, 224, 1, '2018-08-19 12:52:27', NULL),
(10, 225, 1, '2018-08-19 12:52:27', NULL),
(10, 226, 1, '2018-08-19 12:52:27', NULL),
(10, 227, 1, '2018-08-19 12:52:27', NULL),
(10, 228, 1, '2018-08-19 12:52:27', NULL),
(10, 229, 1, '2018-08-19 12:52:27', NULL),
(10, 230, 1, '2018-08-19 12:52:27', NULL),
(10, 231, 1, '2018-08-19 12:52:27', NULL),
(10, 232, 1, '2018-08-19 12:52:27', NULL),
(10, 233, 1, '2018-08-19 12:52:27', NULL),
(10, 234, 1, '2018-08-19 12:52:27', NULL),
(10, 235, 1, '2018-08-19 12:52:27', NULL),
(10, 236, 1, '2018-08-19 12:52:27', NULL),
(10, 237, 1, '2018-08-19 12:52:27', NULL),
(10, 238, 1, '2018-08-19 12:52:27', NULL),
(10, 239, 1, '2018-08-19 12:52:27', NULL),
(10, 270, 1, '2018-08-19 12:52:27', NULL),
(10, 271, 1, '2018-08-19 12:52:27', NULL),
(10, 272, 1, '2018-08-19 12:52:27', NULL),
(10, 273, 1, '2018-08-19 12:52:27', NULL),
(10, 274, 1, '2018-08-19 12:52:27', NULL),
(10, 282, 1, '2018-08-19 12:52:27', NULL),
(10, 287, 1, '2018-08-19 12:52:27', NULL),
(10, 288, 1, '2018-08-19 12:52:27', NULL),
(10, 289, 1, '2018-08-19 12:52:27', NULL),
(10, 290, 1, '2018-08-19 12:52:27', NULL),
(10, 292, 1, '2018-08-19 12:52:27', NULL),
(10, 293, 1, '2018-08-19 12:52:27', NULL),
(10, 294, 1, '2018-08-19 12:52:27', NULL),
(10, 297, 1, '2018-08-19 12:52:27', NULL),
(10, 298, 1, '2018-08-19 12:52:27', NULL),
(10, 301, 1, '2018-08-19 12:52:27', NULL),
(10, 302, 1, '2018-08-19 12:52:27', NULL),
(10, 303, 1, '2018-08-19 12:52:27', NULL),
(10, 304, 1, '2018-08-19 12:52:27', NULL),
(10, 305, 1, '2018-08-19 12:52:27', NULL),
(10, 311, 1, '2018-08-19 12:52:27', NULL),
(10, 312, 1, '2018-08-19 12:52:27', NULL),
(10, 313, 1, '2018-08-19 12:52:27', NULL),
(10, 314, 1, '2018-08-19 12:52:27', NULL),
(10, 315, 1, '2018-08-19 12:52:27', NULL),
(10, 340, 1, '2018-08-19 12:52:27', NULL),
(10, 341, 1, '2018-08-19 12:52:27', NULL),
(10, 352, 1, '2018-08-19 12:52:27', NULL),
(10, 353, 1, '2018-08-19 12:52:27', NULL),
(10, 356, 1, '2018-08-19 12:52:27', NULL),
(10, 360, 1, '2018-08-19 12:52:27', NULL),
(10, 361, 1, '2018-08-19 12:52:27', NULL),
(10, 362, 1, '2018-08-19 12:52:27', NULL),
(10, 363, 1, '2018-08-19 12:52:27', NULL),
(10, 364, 1, '2018-08-19 12:52:27', NULL),
(10, 365, 1, '2018-08-19 12:52:27', NULL),
(10, 366, 1, '2018-08-19 12:52:27', NULL),
(10, 367, 1, '2018-08-19 12:52:27', NULL),
(10, 368, 1, '2018-08-19 12:52:27', NULL),
(10, 369, 1, '2018-08-19 12:52:27', NULL),
(10, 370, 1, '2018-08-19 12:52:27', NULL),
(10, 371, 1, '2018-08-19 12:52:27', NULL),
(10, 374, 1, '2018-08-19 12:52:27', NULL),
(11, 200, 1, '2018-08-19 12:52:27', NULL),
(11, 201, 1, '2018-08-19 12:52:27', NULL),
(11, 202, 1, '2018-08-19 12:52:27', NULL),
(11, 203, 1, '2018-08-19 12:52:27', NULL),
(11, 204, 1, '2018-08-19 12:52:27', NULL),
(11, 205, 1, '2018-08-19 12:52:27', NULL),
(11, 206, 1, '2018-08-19 12:52:27', NULL),
(11, 207, 1, '2018-08-19 12:52:27', NULL),
(11, 208, 1, '2018-08-19 12:52:27', NULL),
(11, 209, 1, '2018-08-19 12:52:27', NULL),
(11, 210, 1, '2018-08-19 12:52:27', NULL),
(11, 211, 1, '2018-08-19 12:52:27', NULL),
(11, 212, 1, '2018-08-19 12:52:27', NULL),
(11, 213, 1, '2018-08-19 12:52:27', NULL),
(11, 214, 1, '2018-08-19 12:52:27', NULL),
(11, 215, 1, '2018-08-19 12:52:27', NULL),
(11, 222, 1, '2018-08-19 12:52:27', NULL),
(11, 223, 1, '2018-08-19 12:52:27', NULL),
(11, 224, 1, '2018-08-19 12:52:27', NULL),
(11, 225, 1, '2018-08-19 12:52:27', NULL),
(11, 226, 1, '2018-08-19 12:52:27', NULL),
(11, 227, 1, '2018-08-19 12:52:27', NULL),
(11, 228, 1, '2018-08-19 12:52:27', NULL),
(11, 229, 1, '2018-08-19 12:52:27', NULL),
(11, 230, 1, '2018-08-19 12:52:27', NULL),
(11, 231, 1, '2018-08-19 12:52:27', NULL),
(11, 232, 1, '2018-08-19 12:52:27', NULL),
(11, 233, 1, '2018-08-19 12:52:27', NULL),
(11, 234, 1, '2018-08-19 12:52:27', NULL),
(11, 235, 1, '2018-08-19 12:52:27', NULL),
(11, 236, 1, '2018-08-19 12:52:27', NULL),
(11, 237, 1, '2018-08-19 12:52:27', NULL),
(11, 238, 1, '2018-08-19 12:52:27', NULL),
(11, 239, 1, '2018-08-19 12:52:27', NULL),
(11, 270, 1, '2018-08-19 12:52:27', NULL),
(11, 271, 1, '2018-08-19 12:52:27', NULL),
(11, 272, 1, '2018-08-19 12:52:27', NULL),
(11, 273, 1, '2018-08-19 12:52:27', NULL),
(11, 274, 1, '2018-08-19 12:52:27', NULL),
(11, 282, 1, '2018-08-19 12:52:27', NULL),
(11, 287, 1, '2018-08-19 12:52:27', NULL),
(11, 288, 1, '2018-08-19 12:52:27', NULL),
(11, 289, 1, '2018-08-19 12:52:27', NULL),
(11, 290, 1, '2018-08-19 12:52:27', NULL),
(11, 292, 1, '2018-08-19 12:52:27', NULL),
(11, 293, 1, '2018-08-19 12:52:27', NULL),
(11, 294, 1, '2018-08-19 12:52:27', NULL),
(11, 297, 1, '2018-08-19 12:52:27', NULL),
(11, 298, 1, '2018-08-19 12:52:27', NULL),
(11, 301, 1, '2018-08-19 12:52:27', NULL),
(11, 302, 1, '2018-08-19 12:52:27', NULL),
(11, 303, 1, '2018-08-19 12:52:27', NULL),
(11, 304, 1, '2018-08-19 12:52:27', NULL),
(11, 305, 1, '2018-08-19 12:52:27', NULL),
(11, 311, 1, '2018-08-19 12:52:27', NULL),
(11, 312, 1, '2018-08-19 12:52:27', NULL),
(11, 313, 1, '2018-08-19 12:52:27', NULL),
(11, 314, 1, '2018-08-19 12:52:27', NULL),
(11, 315, 1, '2018-08-19 12:52:27', NULL),
(11, 340, 1, '2018-08-19 12:52:27', NULL),
(11, 341, 1, '2018-08-19 12:52:27', NULL),
(11, 352, 1, '2018-08-19 12:52:27', NULL),
(11, 353, 1, '2018-08-19 12:52:27', NULL),
(11, 356, 1, '2018-08-19 12:52:27', NULL),
(11, 360, 1, '2018-08-19 12:52:27', NULL),
(11, 361, 1, '2018-08-19 12:52:27', NULL),
(11, 362, 1, '2018-08-19 12:52:27', NULL),
(11, 363, 1, '2018-08-19 12:52:27', NULL),
(11, 364, 1, '2018-08-19 12:52:27', NULL),
(11, 365, 1, '2018-08-19 12:52:27', NULL),
(11, 366, 1, '2018-08-19 12:52:27', NULL),
(11, 367, 1, '2018-08-19 12:52:27', NULL),
(11, 368, 1, '2018-08-19 12:52:27', NULL),
(11, 369, 1, '2018-08-19 12:52:27', NULL),
(11, 370, 1, '2018-08-19 12:52:27', NULL),
(11, 371, 1, '2018-08-19 12:52:27', NULL),
(11, 374, 1, '2018-08-19 12:52:27', NULL),
(12, 200, 1, '2018-08-19 12:52:27', NULL),
(12, 201, 1, '2018-08-19 12:52:27', NULL),
(12, 202, 1, '2018-08-19 12:52:27', NULL),
(12, 203, 1, '2018-08-19 12:52:27', NULL),
(12, 204, 1, '2018-08-19 12:52:27', NULL),
(12, 205, 1, '2018-08-19 12:52:27', NULL),
(12, 206, 1, '2018-08-19 12:52:27', NULL),
(12, 207, 1, '2018-08-19 12:52:27', NULL),
(12, 208, 1, '2018-08-19 12:52:27', NULL),
(12, 209, 1, '2018-08-19 12:52:27', NULL),
(12, 210, 1, '2018-08-19 12:52:27', NULL),
(12, 211, 1, '2018-08-19 12:52:27', NULL),
(12, 212, 1, '2018-08-19 12:52:27', NULL),
(12, 213, 1, '2018-08-19 12:52:27', NULL),
(12, 214, 1, '2018-08-19 12:52:27', NULL),
(12, 215, 1, '2018-08-19 12:52:27', NULL),
(12, 222, 1, '2018-08-19 12:52:27', NULL),
(12, 223, 1, '2018-08-19 12:52:27', NULL),
(12, 224, 1, '2018-08-19 12:52:27', NULL),
(12, 225, 1, '2018-08-19 12:52:27', NULL),
(12, 226, 1, '2018-08-19 12:52:27', NULL),
(12, 227, 1, '2018-08-19 12:52:27', NULL),
(12, 228, 1, '2018-08-19 12:52:27', NULL),
(12, 229, 1, '2018-08-19 12:52:27', NULL),
(12, 230, 1, '2018-08-19 12:52:27', NULL),
(12, 231, 1, '2018-08-19 12:52:27', NULL),
(12, 232, 1, '2018-08-19 12:52:27', NULL),
(12, 233, 1, '2018-08-19 12:52:27', NULL),
(12, 234, 1, '2018-08-19 12:52:27', NULL),
(12, 235, 1, '2018-08-19 12:52:27', NULL),
(12, 236, 1, '2018-08-19 12:52:27', NULL),
(12, 237, 1, '2018-08-19 12:52:27', NULL),
(12, 238, 1, '2018-08-19 12:52:27', NULL),
(12, 239, 1, '2018-08-19 12:52:27', NULL),
(12, 270, 1, '2018-08-19 12:52:27', NULL),
(12, 271, 1, '2018-08-19 12:52:27', NULL),
(12, 272, 1, '2018-08-19 12:52:27', NULL),
(12, 273, 1, '2018-08-19 12:52:27', NULL),
(12, 274, 1, '2018-08-19 12:52:27', NULL),
(12, 282, 1, '2018-08-19 12:52:27', NULL),
(12, 287, 1, '2018-08-19 12:52:27', NULL),
(12, 288, 1, '2018-08-19 12:52:27', NULL),
(12, 289, 1, '2018-08-19 12:52:27', NULL),
(12, 290, 1, '2018-08-19 12:52:27', NULL),
(12, 292, 1, '2018-08-19 12:52:27', NULL),
(12, 293, 1, '2018-08-19 12:52:27', NULL),
(12, 294, 1, '2018-08-19 12:52:27', NULL),
(12, 297, 1, '2018-08-19 12:52:27', NULL),
(12, 298, 1, '2018-08-19 12:52:27', NULL),
(12, 301, 1, '2018-08-19 12:52:27', NULL),
(12, 302, 1, '2018-08-19 12:52:27', NULL),
(12, 303, 1, '2018-08-19 12:52:27', NULL),
(12, 304, 1, '2018-08-19 12:52:27', NULL),
(12, 305, 1, '2018-08-19 12:52:27', NULL),
(12, 311, 1, '2018-08-19 12:52:27', NULL),
(12, 312, 1, '2018-08-19 12:52:27', NULL),
(12, 313, 1, '2018-08-19 12:52:27', NULL),
(12, 314, 1, '2018-08-19 12:52:27', NULL),
(12, 315, 1, '2018-08-19 12:52:27', NULL),
(12, 340, 1, '2018-08-19 12:52:27', NULL),
(12, 341, 1, '2018-08-19 12:52:27', NULL),
(12, 352, 1, '2018-08-19 12:52:27', NULL),
(12, 353, 1, '2018-08-19 12:52:27', NULL),
(12, 356, 1, '2018-08-19 12:52:27', NULL),
(12, 360, 1, '2018-08-19 12:52:27', NULL),
(12, 361, 1, '2018-08-19 12:52:27', NULL),
(12, 362, 1, '2018-08-19 12:52:27', NULL),
(12, 363, 1, '2018-08-19 12:52:27', NULL),
(12, 364, 1, '2018-08-19 12:52:27', NULL),
(12, 365, 1, '2018-08-19 12:52:27', NULL),
(12, 366, 1, '2018-08-19 12:52:27', NULL),
(12, 367, 1, '2018-08-19 12:52:27', NULL),
(12, 368, 1, '2018-08-19 12:52:27', NULL),
(12, 369, 1, '2018-08-19 12:52:27', NULL),
(12, 370, 1, '2018-08-19 12:52:27', NULL),
(12, 371, 1, '2018-08-19 12:52:27', NULL),
(12, 374, 1, '2018-08-19 12:52:27', NULL),
(13, 200, 1, '2018-08-19 12:52:27', NULL),
(13, 201, 1, '2018-08-19 12:52:27', NULL),
(13, 202, 1, '2018-08-19 12:52:27', NULL),
(13, 203, 1, '2018-08-19 12:52:27', NULL),
(13, 204, 1, '2018-08-19 12:52:27', NULL),
(13, 205, 1, '2018-08-19 12:52:27', NULL),
(13, 206, 1, '2018-08-19 12:52:27', NULL),
(13, 207, 1, '2018-08-19 12:52:27', NULL),
(13, 208, 1, '2018-08-19 12:52:27', NULL),
(13, 209, 1, '2018-08-19 12:52:27', NULL),
(13, 210, 1, '2018-08-19 12:52:27', NULL),
(13, 211, 1, '2018-08-19 12:52:27', NULL),
(13, 212, 1, '2018-08-19 12:52:27', NULL),
(13, 213, 1, '2018-08-19 12:52:27', NULL),
(13, 214, 1, '2018-08-19 12:52:27', NULL),
(13, 215, 1, '2018-08-19 12:52:27', NULL),
(13, 222, 1, '2018-08-19 12:52:27', NULL),
(13, 223, 1, '2018-08-19 12:52:27', NULL),
(13, 224, 1, '2018-08-19 12:52:27', NULL),
(13, 225, 1, '2018-08-19 12:52:27', NULL),
(13, 226, 1, '2018-08-19 12:52:27', NULL),
(13, 227, 1, '2018-08-19 12:52:27', NULL),
(13, 228, 1, '2018-08-19 12:52:27', NULL),
(13, 229, 1, '2018-08-19 12:52:27', NULL),
(13, 230, 1, '2018-08-19 12:52:27', NULL),
(13, 231, 1, '2018-08-19 12:52:27', NULL),
(13, 232, 1, '2018-08-19 12:52:27', NULL),
(13, 233, 1, '2018-08-19 12:52:27', NULL),
(13, 234, 1, '2018-08-19 12:52:27', NULL),
(13, 235, 1, '2018-08-19 12:52:27', NULL),
(13, 236, 1, '2018-08-19 12:52:27', NULL),
(13, 237, 1, '2018-08-19 12:52:27', NULL),
(13, 238, 1, '2018-08-19 12:52:27', NULL),
(13, 239, 1, '2018-08-19 12:52:27', NULL),
(13, 270, 1, '2018-08-19 12:52:27', NULL),
(13, 271, 1, '2018-08-19 12:52:27', NULL),
(13, 272, 1, '2018-08-19 12:52:27', NULL),
(13, 273, 1, '2018-08-19 12:52:27', NULL),
(13, 274, 1, '2018-08-19 12:52:27', NULL),
(13, 282, 1, '2018-08-19 12:52:27', NULL),
(13, 287, 1, '2018-08-19 12:52:27', NULL),
(13, 288, 1, '2018-08-19 12:52:27', NULL),
(13, 289, 1, '2018-08-19 12:52:27', NULL),
(13, 290, 1, '2018-08-19 12:52:27', NULL),
(13, 292, 1, '2018-08-19 12:52:27', NULL),
(13, 293, 1, '2018-08-19 12:52:27', NULL),
(13, 294, 1, '2018-08-19 12:52:27', NULL),
(13, 297, 1, '2018-08-19 12:52:27', NULL),
(13, 298, 1, '2018-08-19 12:52:27', NULL),
(13, 301, 1, '2018-08-19 12:52:27', NULL),
(13, 302, 1, '2018-08-19 12:52:27', NULL),
(13, 303, 1, '2018-08-19 12:52:27', NULL),
(13, 304, 1, '2018-08-19 12:52:27', NULL),
(13, 305, 1, '2018-08-19 12:52:27', NULL),
(13, 311, 1, '2018-08-19 12:52:27', NULL),
(13, 312, 1, '2018-08-19 12:52:27', NULL),
(13, 313, 1, '2018-08-19 12:52:27', NULL),
(13, 314, 1, '2018-08-19 12:52:27', NULL),
(13, 315, 1, '2018-08-19 12:52:27', NULL),
(13, 340, 1, '2018-08-19 12:52:27', NULL),
(13, 341, 1, '2018-08-19 12:52:27', NULL),
(13, 352, 1, '2018-08-19 12:52:27', NULL),
(13, 353, 1, '2018-08-19 12:52:27', NULL),
(13, 356, 1, '2018-08-19 12:52:27', NULL),
(13, 360, 1, '2018-08-19 12:52:27', NULL),
(13, 361, 1, '2018-08-19 12:52:27', NULL),
(13, 362, 1, '2018-08-19 12:52:27', NULL),
(13, 363, 1, '2018-08-19 12:52:27', NULL),
(13, 364, 1, '2018-08-19 12:52:27', NULL),
(13, 365, 1, '2018-08-19 12:52:27', NULL),
(13, 366, 1, '2018-08-19 12:52:27', NULL),
(13, 367, 1, '2018-08-19 12:52:27', NULL),
(13, 368, 1, '2018-08-19 12:52:27', NULL),
(13, 369, 1, '2018-08-19 12:52:27', NULL),
(13, 370, 1, '2018-08-19 12:52:27', NULL),
(13, 371, 1, '2018-08-19 12:52:27', NULL),
(13, 374, 1, '2018-08-19 12:52:27', NULL),
(14, 200, 1, '2018-08-19 12:52:27', NULL),
(14, 201, 1, '2018-08-19 12:52:27', NULL),
(14, 202, 1, '2018-08-19 12:52:27', NULL),
(14, 203, 1, '2018-08-19 12:52:27', NULL),
(14, 204, 1, '2018-08-19 12:52:27', NULL),
(14, 205, 1, '2018-08-19 12:52:27', NULL),
(14, 206, 1, '2018-08-19 12:52:27', NULL),
(14, 207, 1, '2018-08-19 12:52:27', NULL),
(14, 208, 1, '2018-08-19 12:52:27', NULL),
(14, 209, 1, '2018-08-19 12:52:27', NULL),
(14, 210, 1, '2018-08-19 12:52:27', NULL),
(14, 211, 1, '2018-08-19 12:52:27', NULL),
(14, 212, 1, '2018-08-19 12:52:27', NULL),
(14, 213, 1, '2018-08-19 12:52:27', NULL),
(14, 214, 1, '2018-08-19 12:52:27', NULL),
(14, 215, 1, '2018-08-19 12:52:27', NULL),
(14, 222, 1, '2018-08-19 12:52:27', NULL),
(14, 223, 1, '2018-08-19 12:52:27', NULL),
(14, 224, 1, '2018-08-19 12:52:27', NULL),
(14, 225, 1, '2018-08-19 12:52:27', NULL),
(14, 226, 1, '2018-08-19 12:52:27', NULL),
(14, 227, 1, '2018-08-19 12:52:27', NULL),
(14, 228, 1, '2018-08-19 12:52:27', NULL),
(14, 229, 1, '2018-08-19 12:52:27', NULL),
(14, 230, 1, '2018-08-19 12:52:27', NULL),
(14, 231, 1, '2018-08-19 12:52:27', NULL),
(14, 232, 1, '2018-08-19 12:52:27', NULL),
(14, 233, 1, '2018-08-19 12:52:27', NULL),
(14, 234, 1, '2018-08-19 12:52:27', NULL),
(14, 235, 1, '2018-08-19 12:52:27', NULL),
(14, 236, 1, '2018-08-19 12:52:27', NULL),
(14, 237, 1, '2018-08-19 12:52:27', NULL),
(14, 238, 1, '2018-08-19 12:52:27', NULL),
(14, 239, 1, '2018-08-19 12:52:27', NULL),
(14, 270, 1, '2018-08-19 12:52:27', NULL),
(14, 271, 1, '2018-08-19 12:52:27', NULL),
(14, 272, 1, '2018-08-19 12:52:27', NULL),
(14, 273, 1, '2018-08-19 12:52:27', NULL),
(14, 274, 1, '2018-08-19 12:52:27', NULL),
(14, 282, 1, '2018-08-19 12:52:27', NULL),
(14, 287, 1, '2018-08-19 12:52:27', NULL),
(14, 288, 1, '2018-08-19 12:52:27', NULL),
(14, 289, 1, '2018-08-19 12:52:27', NULL),
(14, 290, 1, '2018-08-19 12:52:27', NULL),
(14, 292, 1, '2018-08-19 12:52:27', NULL),
(14, 293, 1, '2018-08-19 12:52:27', NULL),
(14, 294, 1, '2018-08-19 12:52:27', NULL),
(14, 297, 1, '2018-08-19 12:52:27', NULL),
(14, 298, 1, '2018-08-19 12:52:27', NULL),
(14, 301, 1, '2018-08-19 12:52:27', NULL),
(14, 302, 1, '2018-08-19 12:52:27', NULL),
(14, 303, 1, '2018-08-19 12:52:27', NULL),
(14, 304, 1, '2018-08-19 12:52:27', NULL),
(14, 305, 1, '2018-08-19 12:52:27', NULL),
(14, 311, 1, '2018-08-19 12:52:27', NULL),
(14, 312, 1, '2018-08-19 12:52:27', NULL),
(14, 313, 1, '2018-08-19 12:52:27', NULL),
(14, 314, 1, '2018-08-19 12:52:27', NULL),
(14, 315, 1, '2018-08-19 12:52:27', NULL),
(14, 340, 1, '2018-08-19 12:52:27', NULL),
(14, 341, 1, '2018-08-19 12:52:27', NULL),
(14, 352, 1, '2018-08-19 12:52:27', NULL),
(14, 353, 1, '2018-08-19 12:52:27', NULL),
(14, 356, 1, '2018-08-19 12:52:27', NULL),
(14, 360, 1, '2018-08-19 12:52:27', NULL),
(14, 361, 1, '2018-08-19 12:52:27', NULL),
(14, 362, 1, '2018-08-19 12:52:27', NULL),
(14, 363, 1, '2018-08-19 12:52:27', NULL),
(14, 364, 1, '2018-08-19 12:52:27', NULL),
(14, 365, 1, '2018-08-19 12:52:27', NULL),
(14, 366, 1, '2018-08-19 12:52:27', NULL),
(14, 367, 1, '2018-08-19 12:52:27', NULL),
(14, 368, 1, '2018-08-19 12:52:27', NULL),
(14, 369, 1, '2018-08-19 12:52:27', NULL),
(14, 370, 1, '2018-08-19 12:52:27', NULL),
(14, 371, 1, '2018-08-19 12:52:27', NULL),
(14, 374, 1, '2018-08-19 12:52:27', NULL),
(15, 200, 1, '2018-08-19 12:52:27', NULL),
(15, 201, 1, '2018-08-19 12:52:27', NULL),
(15, 202, 1, '2018-08-19 12:52:27', NULL),
(15, 203, 1, '2018-08-19 12:52:27', NULL),
(15, 204, 1, '2018-08-19 12:52:27', NULL),
(15, 205, 1, '2018-08-19 12:52:27', NULL),
(15, 206, 1, '2018-08-19 12:52:27', NULL),
(15, 207, 1, '2018-08-19 12:52:27', NULL),
(15, 208, 1, '2018-08-19 12:52:27', NULL),
(15, 209, 1, '2018-08-19 12:52:27', NULL),
(15, 210, 1, '2018-08-19 12:52:27', NULL),
(15, 211, 1, '2018-08-19 12:52:27', NULL),
(15, 212, 1, '2018-08-19 12:52:27', NULL),
(15, 213, 1, '2018-08-19 12:52:27', NULL),
(15, 214, 1, '2018-08-19 12:52:27', NULL),
(15, 215, 1, '2018-08-19 12:52:27', NULL),
(15, 222, 1, '2018-08-19 12:52:27', NULL),
(15, 223, 1, '2018-08-19 12:52:27', NULL),
(15, 224, 1, '2018-08-19 12:52:27', NULL),
(15, 225, 1, '2018-08-19 12:52:27', NULL),
(15, 226, 1, '2018-08-19 12:52:27', NULL),
(15, 227, 1, '2018-08-19 12:52:27', NULL),
(15, 228, 1, '2018-08-19 12:52:27', NULL),
(15, 229, 1, '2018-08-19 12:52:27', NULL),
(15, 230, 1, '2018-08-19 12:52:27', NULL),
(15, 231, 1, '2018-08-19 12:52:27', NULL),
(15, 232, 1, '2018-08-19 12:52:27', NULL),
(15, 233, 1, '2018-08-19 12:52:27', NULL),
(15, 234, 1, '2018-08-19 12:52:27', NULL),
(15, 235, 1, '2018-08-19 12:52:27', NULL),
(15, 236, 1, '2018-08-19 12:52:27', NULL),
(15, 237, 1, '2018-08-19 12:52:27', NULL),
(15, 238, 1, '2018-08-19 12:52:27', NULL),
(15, 239, 1, '2018-08-19 12:52:27', NULL),
(15, 270, 1, '2018-08-19 12:52:27', NULL),
(15, 271, 1, '2018-08-19 12:52:27', NULL),
(15, 272, 1, '2018-08-19 12:52:27', NULL),
(15, 273, 1, '2018-08-19 12:52:27', NULL),
(15, 274, 1, '2018-08-19 12:52:27', NULL),
(15, 282, 1, '2018-08-19 12:52:27', NULL),
(15, 287, 1, '2018-08-19 12:52:27', NULL),
(15, 288, 1, '2018-08-19 12:52:27', NULL),
(15, 289, 1, '2018-08-19 12:52:27', NULL),
(15, 290, 1, '2018-08-19 12:52:27', NULL),
(15, 292, 1, '2018-08-19 12:52:27', NULL),
(15, 293, 1, '2018-08-19 12:52:27', NULL),
(15, 294, 1, '2018-08-19 12:52:27', NULL),
(15, 297, 1, '2018-08-19 12:52:27', NULL),
(15, 298, 1, '2018-08-19 12:52:27', NULL),
(15, 301, 1, '2018-08-19 12:52:27', NULL),
(15, 302, 1, '2018-08-19 12:52:27', NULL),
(15, 303, 1, '2018-08-19 12:52:27', NULL),
(15, 304, 1, '2018-08-19 12:52:27', NULL),
(15, 305, 1, '2018-08-19 12:52:27', NULL),
(15, 311, 1, '2018-08-19 12:52:27', NULL),
(15, 312, 1, '2018-08-19 12:52:27', NULL),
(15, 313, 1, '2018-08-19 12:52:27', NULL),
(15, 314, 1, '2018-08-19 12:52:27', NULL),
(15, 315, 1, '2018-08-19 12:52:27', NULL),
(15, 340, 1, '2018-08-19 12:52:27', NULL),
(15, 341, 1, '2018-08-19 12:52:27', NULL),
(15, 352, 1, '2018-08-19 12:52:27', NULL),
(15, 353, 1, '2018-08-19 12:52:27', NULL),
(15, 356, 1, '2018-08-19 12:52:27', NULL),
(15, 360, 1, '2018-08-19 12:52:27', NULL),
(15, 361, 1, '2018-08-19 12:52:27', NULL),
(15, 362, 1, '2018-08-19 12:52:27', NULL),
(15, 363, 1, '2018-08-19 12:52:27', NULL),
(15, 364, 1, '2018-08-19 12:52:27', NULL),
(15, 365, 1, '2018-08-19 12:52:27', NULL),
(15, 366, 1, '2018-08-19 12:52:27', NULL),
(15, 367, 1, '2018-08-19 12:52:27', NULL),
(15, 368, 1, '2018-08-19 12:52:27', NULL),
(15, 369, 1, '2018-08-19 12:52:27', NULL),
(15, 370, 1, '2018-08-19 12:52:27', NULL),
(15, 371, 1, '2018-08-19 12:52:27', NULL),
(15, 374, 1, '2018-08-19 12:52:27', NULL),
(16, 200, 1, '2018-08-19 12:52:27', NULL),
(16, 201, 1, '2018-08-19 12:52:27', NULL),
(16, 202, 1, '2018-08-19 12:52:27', NULL),
(16, 203, 1, '2018-08-19 12:52:27', NULL),
(16, 204, 1, '2018-08-19 12:52:27', NULL),
(16, 205, 1, '2018-08-19 12:52:27', NULL),
(16, 206, 1, '2018-08-19 12:52:27', NULL),
(16, 207, 1, '2018-08-19 12:52:27', NULL),
(16, 208, 1, '2018-08-19 12:52:27', NULL),
(16, 209, 1, '2018-08-19 12:52:27', NULL),
(16, 210, 1, '2018-08-19 12:52:27', NULL),
(16, 211, 1, '2018-08-19 12:52:27', NULL),
(16, 212, 1, '2018-08-19 12:52:27', NULL),
(16, 213, 1, '2018-08-19 12:52:27', NULL),
(16, 214, 1, '2018-08-19 12:52:27', NULL),
(16, 215, 1, '2018-08-19 12:52:27', NULL),
(16, 222, 1, '2018-08-19 12:52:27', NULL),
(16, 223, 1, '2018-08-19 12:52:27', NULL),
(16, 224, 1, '2018-08-19 12:52:27', NULL),
(16, 225, 1, '2018-08-19 12:52:27', NULL),
(16, 226, 1, '2018-08-19 12:52:27', NULL),
(16, 227, 1, '2018-08-19 12:52:27', NULL),
(16, 228, 1, '2018-08-19 12:52:27', NULL),
(16, 229, 1, '2018-08-19 12:52:27', NULL),
(16, 230, 1, '2018-08-19 12:52:27', NULL),
(16, 231, 1, '2018-08-19 12:52:27', NULL),
(16, 232, 1, '2018-08-19 12:52:27', NULL),
(16, 233, 1, '2018-08-19 12:52:27', NULL),
(16, 234, 1, '2018-08-19 12:52:27', NULL),
(16, 235, 1, '2018-08-19 12:52:27', NULL),
(16, 236, 1, '2018-08-19 12:52:27', NULL),
(16, 237, 1, '2018-08-19 12:52:27', NULL),
(16, 238, 1, '2018-08-19 12:52:27', NULL),
(16, 239, 1, '2018-08-19 12:52:27', NULL),
(16, 270, 1, '2018-08-19 12:52:27', NULL),
(16, 271, 1, '2018-08-19 12:52:27', NULL),
(16, 272, 1, '2018-08-19 12:52:27', NULL),
(16, 273, 1, '2018-08-19 12:52:27', NULL),
(16, 274, 1, '2018-08-19 12:52:27', NULL),
(16, 282, 1, '2018-08-19 12:52:27', NULL),
(16, 287, 1, '2018-08-19 12:52:27', NULL),
(16, 288, 1, '2018-08-19 12:52:27', NULL),
(16, 289, 1, '2018-08-19 12:52:27', NULL),
(16, 290, 1, '2018-08-19 12:52:27', NULL),
(16, 292, 1, '2018-08-19 12:52:27', NULL),
(16, 293, 1, '2018-08-19 12:52:27', NULL),
(16, 294, 1, '2018-08-19 12:52:27', NULL),
(16, 297, 1, '2018-08-19 12:52:27', NULL),
(16, 298, 1, '2018-08-19 12:52:27', NULL),
(16, 301, 1, '2018-08-19 12:52:27', NULL),
(16, 302, 1, '2018-08-19 12:52:27', NULL),
(16, 303, 1, '2018-08-19 12:52:27', NULL),
(16, 304, 1, '2018-08-19 12:52:27', NULL),
(16, 305, 1, '2018-08-19 12:52:27', NULL),
(16, 311, 1, '2018-08-19 12:52:27', NULL),
(16, 312, 1, '2018-08-19 12:52:27', NULL),
(16, 313, 1, '2018-08-19 12:52:27', NULL),
(16, 314, 1, '2018-08-19 12:52:27', NULL),
(16, 315, 1, '2018-08-19 12:52:27', NULL),
(16, 340, 1, '2018-08-19 12:52:27', NULL),
(16, 341, 1, '2018-08-19 12:52:27', NULL),
(16, 352, 1, '2018-08-19 12:52:27', NULL),
(16, 353, 1, '2018-08-19 12:52:27', NULL),
(16, 356, 1, '2018-08-19 12:52:27', NULL),
(16, 360, 1, '2018-08-19 12:52:27', NULL),
(16, 361, 1, '2018-08-19 12:52:27', NULL),
(16, 362, 1, '2018-08-19 12:52:27', NULL),
(16, 363, 1, '2018-08-19 12:52:27', NULL),
(16, 364, 1, '2018-08-19 12:52:27', NULL),
(16, 365, 1, '2018-08-19 12:52:27', NULL),
(16, 366, 1, '2018-08-19 12:52:27', NULL),
(16, 367, 1, '2018-08-19 12:52:27', NULL),
(16, 368, 1, '2018-08-19 12:52:27', NULL),
(16, 369, 1, '2018-08-19 12:52:27', NULL);
INSERT INTO `char_roles_permissions` (`role_id`, `permission_id`, `allow`, `created_at`, `created_by`) VALUES
(16, 370, 1, '2018-08-19 12:52:27', NULL),
(16, 371, 1, '2018-08-19 12:52:27', NULL),
(16, 374, 1, '2018-08-19 12:52:27', NULL),
(17, 200, 1, '2018-08-19 12:52:27', NULL),
(17, 201, 1, '2018-08-19 12:52:27', NULL),
(17, 202, 1, '2018-08-19 12:52:27', NULL),
(17, 203, 1, '2018-08-19 12:52:27', NULL),
(17, 204, 1, '2018-08-19 12:52:27', NULL),
(17, 205, 1, '2018-08-19 12:52:27', NULL),
(17, 206, 1, '2018-08-19 12:52:27', NULL),
(17, 207, 1, '2018-08-19 12:52:27', NULL),
(17, 208, 1, '2018-08-19 12:52:27', NULL),
(17, 209, 1, '2018-08-19 12:52:27', NULL),
(17, 210, 1, '2018-08-19 12:52:27', NULL),
(17, 211, 1, '2018-08-19 12:52:27', NULL),
(17, 212, 1, '2018-08-19 12:52:27', NULL),
(17, 213, 1, '2018-08-19 12:52:27', NULL),
(17, 214, 1, '2018-08-19 12:52:27', NULL),
(17, 215, 1, '2018-08-19 12:52:27', NULL),
(17, 222, 1, '2018-08-19 12:52:27', NULL),
(17, 223, 1, '2018-08-19 12:52:27', NULL),
(17, 224, 1, '2018-08-19 12:52:27', NULL),
(17, 225, 1, '2018-08-19 12:52:27', NULL),
(17, 226, 1, '2018-08-19 12:52:27', NULL),
(17, 227, 1, '2018-08-19 12:52:27', NULL),
(17, 228, 1, '2018-08-19 12:52:27', NULL),
(17, 229, 1, '2018-08-19 12:52:27', NULL),
(17, 230, 1, '2018-08-19 12:52:27', NULL),
(17, 231, 1, '2018-08-19 12:52:27', NULL),
(17, 232, 1, '2018-08-19 12:52:27', NULL),
(17, 233, 1, '2018-08-19 12:52:27', NULL),
(17, 234, 1, '2018-08-19 12:52:27', NULL),
(17, 235, 1, '2018-08-19 12:52:27', NULL),
(17, 236, 1, '2018-08-19 12:52:27', NULL),
(17, 237, 1, '2018-08-19 12:52:27', NULL),
(17, 238, 1, '2018-08-19 12:52:27', NULL),
(17, 239, 1, '2018-08-19 12:52:27', NULL),
(17, 270, 1, '2018-08-19 12:52:27', NULL),
(17, 271, 1, '2018-08-19 12:52:27', NULL),
(17, 272, 1, '2018-08-19 12:52:27', NULL),
(17, 273, 1, '2018-08-19 12:52:27', NULL),
(17, 274, 1, '2018-08-19 12:52:27', NULL),
(17, 282, 1, '2018-08-19 12:52:27', NULL),
(17, 287, 1, '2018-08-19 12:52:27', NULL),
(17, 288, 1, '2018-08-19 12:52:27', NULL),
(17, 289, 1, '2018-08-19 12:52:27', NULL),
(17, 290, 1, '2018-08-19 12:52:27', NULL),
(17, 292, 1, '2018-08-19 12:52:27', NULL),
(17, 293, 1, '2018-08-19 12:52:27', NULL),
(17, 294, 1, '2018-08-19 12:52:27', NULL),
(17, 297, 1, '2018-08-19 12:52:27', NULL),
(17, 298, 1, '2018-08-19 12:52:27', NULL),
(17, 301, 1, '2018-08-19 12:52:27', NULL),
(17, 302, 1, '2018-08-19 12:52:27', NULL),
(17, 303, 1, '2018-08-19 12:52:27', NULL),
(17, 304, 1, '2018-08-19 12:52:27', NULL),
(17, 305, 1, '2018-08-19 12:52:27', NULL),
(17, 311, 1, '2018-08-19 12:52:27', NULL),
(17, 312, 1, '2018-08-19 12:52:27', NULL),
(17, 313, 1, '2018-08-19 12:52:27', NULL),
(17, 314, 1, '2018-08-19 12:52:27', NULL),
(17, 315, 1, '2018-08-19 12:52:27', NULL),
(17, 340, 1, '2018-08-19 12:52:27', NULL),
(17, 341, 1, '2018-08-19 12:52:27', NULL),
(17, 352, 1, '2018-08-19 12:52:27', NULL),
(17, 353, 1, '2018-08-19 12:52:27', NULL),
(17, 356, 1, '2018-08-19 12:52:27', NULL),
(17, 360, 1, '2018-08-19 12:52:27', NULL),
(17, 361, 1, '2018-08-19 12:52:27', NULL),
(17, 362, 1, '2018-08-19 12:52:27', NULL),
(17, 363, 1, '2018-08-19 12:52:27', NULL),
(17, 364, 1, '2018-08-19 12:52:27', NULL),
(17, 365, 1, '2018-08-19 12:52:27', NULL),
(17, 366, 1, '2018-08-19 12:52:27', NULL),
(17, 367, 1, '2018-08-19 12:52:27', NULL),
(17, 368, 1, '2018-08-19 12:52:27', NULL),
(17, 369, 1, '2018-08-19 12:52:27', NULL),
(17, 370, 1, '2018-08-19 12:52:27', NULL),
(17, 371, 1, '2018-08-19 12:52:27', NULL),
(17, 374, 1, '2018-08-19 12:52:27', NULL),
(18, 173, 1, '2018-08-19 12:52:46', NULL),
(18, 174, 1, '2018-08-19 12:52:46', NULL),
(18, 175, 1, '2018-08-19 12:52:46', NULL),
(18, 176, 1, '2018-08-19 12:52:46', NULL),
(18, 177, 1, '2018-08-19 12:52:46', NULL),
(18, 178, 1, '2018-08-19 12:52:46', NULL),
(18, 179, 1, '2018-08-19 12:52:46', NULL),
(18, 180, 1, '2018-08-19 12:52:46', NULL),
(18, 181, 1, '2018-08-19 12:52:46', NULL),
(18, 182, 1, '2018-08-19 12:52:46', NULL),
(18, 183, 1, '2018-08-19 12:52:46', NULL),
(18, 184, 1, '2018-08-19 12:52:46', NULL),
(18, 185, 1, '2018-08-19 12:52:46', NULL),
(18, 186, 1, '2018-08-19 12:52:46', NULL),
(18, 187, 1, '2018-08-19 12:52:46', NULL),
(18, 188, 1, '2018-08-19 12:52:46', NULL),
(18, 189, 1, '2018-08-19 12:52:46', NULL),
(18, 190, 1, '2018-08-19 12:52:46', NULL),
(18, 191, 1, '2018-08-19 12:52:46', NULL),
(18, 192, 1, '2018-08-19 12:52:46', NULL),
(18, 193, 1, '2018-08-19 12:52:46', NULL),
(18, 194, 1, '2018-08-19 12:52:46', NULL),
(18, 195, 1, '2018-08-19 12:52:46', NULL),
(18, 196, 1, '2018-08-19 12:52:46', NULL),
(18, 197, 1, '2018-08-19 12:52:46', NULL),
(18, 198, 1, '2018-08-19 12:52:46', NULL),
(18, 199, 1, '2018-08-19 12:52:46', NULL),
(18, 254, 1, '2018-08-19 12:52:46', NULL),
(18, 255, 1, '2018-08-19 12:52:46', NULL),
(18, 256, 1, '2018-08-19 12:52:46', NULL),
(18, 257, 1, '2018-08-19 12:52:46', NULL),
(18, 275, 1, '2018-08-19 12:52:46', NULL),
(18, 276, 1, '2018-08-19 12:52:46', NULL),
(18, 277, 1, '2018-08-19 12:52:46', NULL),
(18, 278, 1, '2018-08-19 12:52:46', NULL),
(18, 279, 1, '2018-08-19 12:52:46', NULL),
(18, 280, 1, '2018-08-19 12:52:46', NULL),
(18, 281, 1, '2018-08-19 12:52:46', NULL),
(18, 283, 1, '2018-08-19 12:52:46', NULL),
(18, 284, 1, '2018-08-19 12:52:46', NULL),
(18, 285, 1, '2018-08-19 12:52:46', NULL),
(18, 286, 1, '2018-08-19 12:52:46', NULL),
(18, 291, 1, '2018-08-19 12:52:46', NULL),
(18, 306, 1, '2018-08-19 12:52:46', NULL),
(18, 307, 1, '2018-08-19 12:52:46', NULL),
(18, 308, 1, '2018-08-19 12:52:46', NULL),
(18, 309, 1, '2018-08-19 12:52:46', NULL),
(18, 310, 1, '2018-08-19 12:52:46', NULL),
(18, 316, 1, '2018-08-19 12:52:46', NULL),
(18, 317, 1, '2018-08-19 12:52:46', NULL),
(18, 318, 1, '2018-08-19 12:52:46', NULL),
(18, 319, 1, '2018-08-19 12:52:46', NULL),
(18, 320, 1, '2018-08-19 12:52:46', NULL),
(18, 339, 1, '2018-08-19 12:52:46', NULL),
(18, 351, 1, '2018-08-19 12:52:46', NULL),
(18, 354, 1, '2018-08-19 12:52:46', NULL),
(18, 355, 1, '2018-08-19 12:52:46', NULL),
(18, 373, 1, '2018-08-19 12:52:46', NULL),
(19, 173, 1, '2018-08-19 12:52:46', NULL),
(19, 174, 1, '2018-08-19 12:52:46', NULL),
(19, 175, 1, '2018-08-19 12:52:46', NULL),
(19, 176, 1, '2018-08-19 12:52:46', NULL),
(19, 177, 1, '2018-08-19 12:52:46', NULL),
(19, 178, 1, '2018-08-19 12:52:46', NULL),
(19, 179, 1, '2018-08-19 12:52:46', NULL),
(19, 180, 1, '2018-08-19 12:52:46', NULL),
(19, 181, 1, '2018-08-19 12:52:46', NULL),
(19, 182, 1, '2018-08-19 12:52:46', NULL),
(19, 183, 1, '2018-08-19 12:52:46', NULL),
(19, 184, 1, '2018-08-19 12:52:46', NULL),
(19, 185, 1, '2018-08-19 12:52:46', NULL),
(19, 186, 1, '2018-08-19 12:52:46', NULL),
(19, 187, 1, '2018-08-19 12:52:46', NULL),
(19, 188, 1, '2018-08-19 12:52:46', NULL),
(19, 189, 1, '2018-08-19 12:52:46', NULL),
(19, 190, 1, '2018-08-19 12:52:46', NULL),
(19, 191, 1, '2018-08-19 12:52:46', NULL),
(19, 192, 1, '2018-08-19 12:52:46', NULL),
(19, 193, 1, '2018-08-19 12:52:46', NULL),
(19, 194, 1, '2018-08-19 12:52:46', NULL),
(19, 195, 1, '2018-08-19 12:52:46', NULL),
(19, 196, 1, '2018-08-19 12:52:46', NULL),
(19, 197, 1, '2018-08-19 12:52:46', NULL),
(19, 198, 1, '2018-08-19 12:52:46', NULL),
(19, 199, 1, '2018-08-19 12:52:46', NULL),
(19, 254, 1, '2018-08-19 12:52:46', NULL),
(19, 255, 1, '2018-08-19 12:52:46', NULL),
(19, 256, 1, '2018-08-19 12:52:46', NULL),
(19, 257, 1, '2018-08-19 12:52:46', NULL),
(19, 275, 1, '2018-08-19 12:52:46', NULL),
(19, 276, 1, '2018-08-19 12:52:46', NULL),
(19, 277, 1, '2018-08-19 12:52:46', NULL),
(19, 278, 1, '2018-08-19 12:52:46', NULL),
(19, 279, 1, '2018-08-19 12:52:46', NULL),
(19, 280, 1, '2018-08-19 12:52:46', NULL),
(19, 281, 1, '2018-08-19 12:52:46', NULL),
(19, 283, 1, '2018-08-19 12:52:46', NULL),
(19, 284, 1, '2018-08-19 12:52:46', NULL),
(19, 285, 1, '2018-08-19 12:52:46', NULL),
(19, 286, 1, '2018-08-19 12:52:46', NULL),
(19, 291, 1, '2018-08-19 12:52:46', NULL),
(19, 306, 1, '2018-08-19 12:52:46', NULL),
(19, 307, 1, '2018-08-19 12:52:46', NULL),
(19, 308, 1, '2018-08-19 12:52:46', NULL),
(19, 309, 1, '2018-08-19 12:52:46', NULL),
(19, 310, 1, '2018-08-19 12:52:46', NULL),
(19, 316, 1, '2018-08-19 12:52:46', NULL),
(19, 317, 1, '2018-08-19 12:52:46', NULL),
(19, 318, 1, '2018-08-19 12:52:46', NULL),
(19, 319, 1, '2018-08-19 12:52:46', NULL),
(19, 320, 1, '2018-08-19 12:52:46', NULL),
(19, 339, 1, '2018-08-19 12:52:46', NULL),
(19, 351, 1, '2018-08-19 12:52:46', NULL),
(19, 354, 1, '2018-08-19 12:52:46', NULL),
(19, 355, 1, '2018-08-19 12:52:46', NULL),
(19, 373, 1, '2018-08-19 12:52:46', NULL),
(20, 173, 1, '2018-08-19 12:52:46', NULL),
(20, 174, 1, '2018-08-19 12:52:46', NULL),
(20, 175, 1, '2018-08-19 12:52:46', NULL),
(20, 176, 1, '2018-08-19 12:52:46', NULL),
(20, 177, 1, '2018-08-19 12:52:46', NULL),
(20, 178, 1, '2018-08-19 12:52:46', NULL),
(20, 179, 1, '2018-08-19 12:52:46', NULL),
(20, 180, 1, '2018-08-19 12:52:46', NULL),
(20, 181, 1, '2018-08-19 12:52:46', NULL),
(20, 182, 1, '2018-08-19 12:52:46', NULL),
(20, 183, 1, '2018-08-19 12:52:46', NULL),
(20, 184, 1, '2018-08-19 12:52:46', NULL),
(20, 185, 1, '2018-08-19 12:52:46', NULL),
(20, 186, 1, '2018-08-19 12:52:46', NULL),
(20, 187, 1, '2018-08-19 12:52:46', NULL),
(20, 188, 1, '2018-08-19 12:52:46', NULL),
(20, 189, 1, '2018-08-19 12:52:46', NULL),
(20, 190, 1, '2018-08-19 12:52:46', NULL),
(20, 191, 1, '2018-08-19 12:52:46', NULL),
(20, 192, 1, '2018-08-19 12:52:46', NULL),
(20, 193, 1, '2018-08-19 12:52:46', NULL),
(20, 194, 1, '2018-08-19 12:52:46', NULL),
(20, 195, 1, '2018-08-19 12:52:46', NULL),
(20, 196, 1, '2018-08-19 12:52:46', NULL),
(20, 197, 1, '2018-08-19 12:52:46', NULL),
(20, 198, 1, '2018-08-19 12:52:46', NULL),
(20, 199, 1, '2018-08-19 12:52:46', NULL),
(20, 254, 1, '2018-08-19 12:52:46', NULL),
(20, 255, 1, '2018-08-19 12:52:46', NULL),
(20, 256, 1, '2018-08-19 12:52:46', NULL),
(20, 257, 1, '2018-08-19 12:52:46', NULL),
(20, 275, 1, '2018-08-19 12:52:46', NULL),
(20, 276, 1, '2018-08-19 12:52:46', NULL),
(20, 277, 1, '2018-08-19 12:52:46', NULL),
(20, 278, 1, '2018-08-19 12:52:46', NULL),
(20, 279, 1, '2018-08-19 12:52:46', NULL),
(20, 280, 1, '2018-08-19 12:52:46', NULL),
(20, 281, 1, '2018-08-19 12:52:46', NULL),
(20, 283, 1, '2018-08-19 12:52:46', NULL),
(20, 284, 1, '2018-08-19 12:52:46', NULL),
(20, 285, 1, '2018-08-19 12:52:46', NULL),
(20, 286, 1, '2018-08-19 12:52:46', NULL),
(20, 291, 1, '2018-08-19 12:52:46', NULL),
(20, 306, 1, '2018-08-19 12:52:46', NULL),
(20, 307, 1, '2018-08-19 12:52:46', NULL),
(20, 308, 1, '2018-08-19 12:52:46', NULL),
(20, 309, 1, '2018-08-19 12:52:46', NULL),
(20, 310, 1, '2018-08-19 12:52:46', NULL),
(20, 316, 1, '2018-08-19 12:52:46', NULL),
(20, 317, 1, '2018-08-19 12:52:46', NULL),
(20, 318, 1, '2018-08-19 12:52:46', NULL),
(20, 319, 1, '2018-08-19 12:52:46', NULL),
(20, 320, 1, '2018-08-19 12:52:46', NULL),
(20, 339, 1, '2018-08-19 12:52:46', NULL),
(20, 351, 1, '2018-08-19 12:52:46', NULL),
(20, 354, 1, '2018-08-19 12:52:46', NULL),
(20, 355, 1, '2018-08-19 12:52:46', NULL),
(20, 373, 1, '2018-08-19 12:52:46', NULL),
(21, 173, 1, '2018-08-19 12:52:46', NULL),
(21, 174, 1, '2018-08-19 12:52:46', NULL),
(21, 175, 1, '2018-08-19 12:52:46', NULL),
(21, 176, 1, '2018-08-19 12:52:46', NULL),
(21, 177, 1, '2018-08-19 12:52:46', NULL),
(21, 178, 1, '2018-08-19 12:52:46', NULL),
(21, 179, 1, '2018-08-19 12:52:46', NULL),
(21, 180, 1, '2018-08-19 12:52:46', NULL),
(21, 181, 1, '2018-08-19 12:52:46', NULL),
(21, 182, 1, '2018-08-19 12:52:46', NULL),
(21, 183, 1, '2018-08-19 12:52:46', NULL),
(21, 184, 1, '2018-08-19 12:52:46', NULL),
(21, 185, 1, '2018-08-19 12:52:46', NULL),
(21, 186, 1, '2018-08-19 12:52:46', NULL),
(21, 187, 1, '2018-08-19 12:52:46', NULL),
(21, 188, 1, '2018-08-19 12:52:46', NULL),
(21, 189, 1, '2018-08-19 12:52:46', NULL),
(21, 190, 1, '2018-08-19 12:52:46', NULL),
(21, 191, 1, '2018-08-19 12:52:46', NULL),
(21, 192, 1, '2018-08-19 12:52:46', NULL),
(21, 193, 1, '2018-08-19 12:52:46', NULL),
(21, 194, 1, '2018-08-19 12:52:46', NULL),
(21, 195, 1, '2018-08-19 12:52:46', NULL),
(21, 196, 1, '2018-08-19 12:52:46', NULL),
(21, 197, 1, '2018-08-19 12:52:46', NULL),
(21, 198, 1, '2018-08-19 12:52:46', NULL),
(21, 199, 1, '2018-08-19 12:52:46', NULL),
(21, 254, 1, '2018-08-19 12:52:46', NULL),
(21, 255, 1, '2018-08-19 12:52:46', NULL),
(21, 256, 1, '2018-08-19 12:52:46', NULL),
(21, 257, 1, '2018-08-19 12:52:46', NULL),
(21, 275, 1, '2018-08-19 12:52:46', NULL),
(21, 276, 1, '2018-08-19 12:52:46', NULL),
(21, 277, 1, '2018-08-19 12:52:46', NULL),
(21, 278, 1, '2018-08-19 12:52:46', NULL),
(21, 279, 1, '2018-08-19 12:52:46', NULL),
(21, 280, 1, '2018-08-19 12:52:46', NULL),
(21, 281, 1, '2018-08-19 12:52:46', NULL),
(21, 283, 1, '2018-08-19 12:52:46', NULL),
(21, 284, 1, '2018-08-19 12:52:46', NULL),
(21, 285, 1, '2018-08-19 12:52:46', NULL),
(21, 286, 1, '2018-08-19 12:52:46', NULL),
(21, 291, 1, '2018-08-19 12:52:46', NULL),
(21, 306, 1, '2018-08-19 12:52:46', NULL),
(21, 307, 1, '2018-08-19 12:52:46', NULL),
(21, 308, 1, '2018-08-19 12:52:46', NULL),
(21, 309, 1, '2018-08-19 12:52:46', NULL),
(21, 310, 1, '2018-08-19 12:52:46', NULL),
(21, 316, 1, '2018-08-19 12:52:46', NULL),
(21, 317, 1, '2018-08-19 12:52:46', NULL),
(21, 318, 1, '2018-08-19 12:52:46', NULL),
(21, 319, 1, '2018-08-19 12:52:46', NULL),
(21, 320, 1, '2018-08-19 12:52:46', NULL),
(21, 339, 1, '2018-08-19 12:52:46', NULL),
(21, 351, 1, '2018-08-19 12:52:46', NULL),
(21, 354, 1, '2018-08-19 12:52:46', NULL),
(21, 355, 1, '2018-08-19 12:52:46', NULL),
(21, 373, 1, '2018-08-19 12:52:46', NULL),
(22, 173, 1, '2018-08-19 12:52:46', NULL),
(22, 174, 1, '2018-08-19 12:52:46', NULL),
(22, 175, 1, '2018-08-19 12:52:46', NULL),
(22, 176, 1, '2018-08-19 12:52:46', NULL),
(22, 177, 1, '2018-08-19 12:52:46', NULL),
(22, 178, 1, '2018-08-19 12:52:46', NULL),
(22, 179, 1, '2018-08-19 12:52:46', NULL),
(22, 180, 1, '2018-08-19 12:52:46', NULL),
(22, 181, 1, '2018-08-19 12:52:46', NULL),
(22, 182, 1, '2018-08-19 12:52:46', NULL),
(22, 183, 1, '2018-08-19 12:52:46', NULL),
(22, 184, 1, '2018-08-19 12:52:46', NULL),
(22, 185, 1, '2018-08-19 12:52:46', NULL),
(22, 186, 1, '2018-08-19 12:52:46', NULL),
(22, 187, 1, '2018-08-19 12:52:46', NULL),
(22, 188, 1, '2018-08-19 12:52:46', NULL),
(22, 189, 1, '2018-08-19 12:52:46', NULL),
(22, 190, 1, '2018-08-19 12:52:46', NULL),
(22, 191, 1, '2018-08-19 12:52:46', NULL),
(22, 192, 1, '2018-08-19 12:52:46', NULL),
(22, 193, 1, '2018-08-19 12:52:46', NULL),
(22, 194, 1, '2018-08-19 12:52:46', NULL),
(22, 195, 1, '2018-08-19 12:52:46', NULL),
(22, 196, 1, '2018-08-19 12:52:46', NULL),
(22, 197, 1, '2018-08-19 12:52:46', NULL),
(22, 198, 1, '2018-08-19 12:52:46', NULL),
(22, 199, 1, '2018-08-19 12:52:46', NULL),
(22, 254, 1, '2018-08-19 12:52:46', NULL),
(22, 255, 1, '2018-08-19 12:52:46', NULL),
(22, 256, 1, '2018-08-19 12:52:46', NULL),
(22, 257, 1, '2018-08-19 12:52:46', NULL),
(22, 275, 1, '2018-08-19 12:52:46', NULL),
(22, 276, 1, '2018-08-19 12:52:46', NULL),
(22, 277, 1, '2018-08-19 12:52:46', NULL),
(22, 278, 1, '2018-08-19 12:52:46', NULL),
(22, 279, 1, '2018-08-19 12:52:46', NULL),
(22, 280, 1, '2018-08-19 12:52:46', NULL),
(22, 281, 1, '2018-08-19 12:52:46', NULL),
(22, 283, 1, '2018-08-19 12:52:46', NULL),
(22, 284, 1, '2018-08-19 12:52:46', NULL),
(22, 285, 1, '2018-08-19 12:52:46', NULL),
(22, 286, 1, '2018-08-19 12:52:46', NULL),
(22, 291, 1, '2018-08-19 12:52:46', NULL),
(22, 306, 1, '2018-08-19 12:52:46', NULL),
(22, 307, 1, '2018-08-19 12:52:46', NULL),
(22, 308, 1, '2018-08-19 12:52:46', NULL),
(22, 309, 1, '2018-08-19 12:52:46', NULL),
(22, 310, 1, '2018-08-19 12:52:46', NULL),
(22, 316, 1, '2018-08-19 12:52:46', NULL),
(22, 317, 1, '2018-08-19 12:52:46', NULL),
(22, 318, 1, '2018-08-19 12:52:46', NULL),
(22, 319, 1, '2018-08-19 12:52:46', NULL),
(22, 320, 1, '2018-08-19 12:52:46', NULL),
(22, 339, 1, '2018-08-19 12:52:46', NULL),
(22, 351, 1, '2018-08-19 12:52:46', NULL),
(22, 354, 1, '2018-08-19 12:52:46', NULL),
(22, 355, 1, '2018-08-19 12:52:46', NULL),
(22, 373, 1, '2018-08-19 12:52:46', NULL),
(23, 173, 1, '2018-08-19 12:52:46', NULL),
(23, 174, 1, '2018-08-19 12:52:46', NULL),
(23, 175, 1, '2018-08-19 12:52:46', NULL),
(23, 176, 1, '2018-08-19 12:52:46', NULL),
(23, 177, 1, '2018-08-19 12:52:46', NULL),
(23, 178, 1, '2018-08-19 12:52:46', NULL),
(23, 179, 1, '2018-08-19 12:52:46', NULL),
(23, 180, 1, '2018-08-19 12:52:46', NULL),
(23, 181, 1, '2018-08-19 12:52:46', NULL),
(23, 182, 1, '2018-08-19 12:52:46', NULL),
(23, 183, 1, '2018-08-19 12:52:46', NULL),
(23, 184, 1, '2018-08-19 12:52:46', NULL),
(23, 185, 1, '2018-08-19 12:52:46', NULL),
(23, 186, 1, '2018-08-19 12:52:46', NULL),
(23, 187, 1, '2018-08-19 12:52:46', NULL),
(23, 188, 1, '2018-08-19 12:52:46', NULL),
(23, 189, 1, '2018-08-19 12:52:46', NULL),
(23, 190, 1, '2018-08-19 12:52:46', NULL),
(23, 191, 1, '2018-08-19 12:52:46', NULL),
(23, 192, 1, '2018-08-19 12:52:46', NULL),
(23, 193, 1, '2018-08-19 12:52:46', NULL),
(23, 194, 1, '2018-08-19 12:52:46', NULL),
(23, 195, 1, '2018-08-19 12:52:46', NULL),
(23, 196, 1, '2018-08-19 12:52:46', NULL),
(23, 197, 1, '2018-08-19 12:52:46', NULL),
(23, 198, 1, '2018-08-19 12:52:46', NULL),
(23, 199, 1, '2018-08-19 12:52:46', NULL),
(23, 254, 1, '2018-08-19 12:52:46', NULL),
(23, 255, 1, '2018-08-19 12:52:46', NULL),
(23, 256, 1, '2018-08-19 12:52:46', NULL),
(23, 257, 1, '2018-08-19 12:52:46', NULL),
(23, 275, 1, '2018-08-19 12:52:46', NULL),
(23, 276, 1, '2018-08-19 12:52:46', NULL),
(23, 277, 1, '2018-08-19 12:52:46', NULL),
(23, 278, 1, '2018-08-19 12:52:46', NULL),
(23, 279, 1, '2018-08-19 12:52:46', NULL),
(23, 280, 1, '2018-08-19 12:52:46', NULL),
(23, 281, 1, '2018-08-19 12:52:46', NULL),
(23, 283, 1, '2018-08-19 12:52:46', NULL),
(23, 284, 1, '2018-08-19 12:52:46', NULL),
(23, 285, 1, '2018-08-19 12:52:46', NULL),
(23, 286, 1, '2018-08-19 12:52:46', NULL),
(23, 291, 1, '2018-08-19 12:52:46', NULL),
(23, 306, 1, '2018-08-19 12:52:46', NULL),
(23, 307, 1, '2018-08-19 12:52:46', NULL),
(23, 308, 1, '2018-08-19 12:52:46', NULL),
(23, 309, 1, '2018-08-19 12:52:46', NULL),
(23, 310, 1, '2018-08-19 12:52:46', NULL),
(23, 316, 1, '2018-08-19 12:52:46', NULL),
(23, 317, 1, '2018-08-19 12:52:46', NULL),
(23, 318, 1, '2018-08-19 12:52:46', NULL),
(23, 319, 1, '2018-08-19 12:52:46', NULL),
(23, 320, 1, '2018-08-19 12:52:46', NULL),
(23, 339, 1, '2018-08-19 12:52:46', NULL),
(23, 351, 1, '2018-08-19 12:52:46', NULL),
(23, 354, 1, '2018-08-19 12:52:46', NULL),
(23, 355, 1, '2018-08-19 12:52:46', NULL),
(23, 373, 1, '2018-08-19 12:52:46', NULL),
(24, 173, 1, '2018-08-19 12:52:46', NULL),
(24, 174, 1, '2018-08-19 12:52:46', NULL),
(24, 175, 1, '2018-08-19 12:52:46', NULL),
(24, 176, 1, '2018-08-19 12:52:46', NULL),
(24, 177, 1, '2018-08-19 12:52:46', NULL),
(24, 178, 1, '2018-08-19 12:52:46', NULL),
(24, 179, 1, '2018-08-19 12:52:46', NULL),
(24, 180, 1, '2018-08-19 12:52:46', NULL),
(24, 181, 1, '2018-08-19 12:52:46', NULL),
(24, 182, 1, '2018-08-19 12:52:46', NULL),
(24, 183, 1, '2018-08-19 12:52:46', NULL),
(24, 184, 1, '2018-08-19 12:52:46', NULL),
(24, 185, 1, '2018-08-19 12:52:46', NULL),
(24, 186, 1, '2018-08-19 12:52:46', NULL),
(24, 187, 1, '2018-08-19 12:52:46', NULL),
(24, 188, 1, '2018-08-19 12:52:46', NULL),
(24, 189, 1, '2018-08-19 12:52:46', NULL),
(24, 190, 1, '2018-08-19 12:52:46', NULL),
(24, 191, 1, '2018-08-19 12:52:46', NULL),
(24, 192, 1, '2018-08-19 12:52:46', NULL),
(24, 193, 1, '2018-08-19 12:52:46', NULL),
(24, 194, 1, '2018-08-19 12:52:46', NULL),
(24, 195, 1, '2018-08-19 12:52:46', NULL),
(24, 196, 1, '2018-08-19 12:52:46', NULL),
(24, 197, 1, '2018-08-19 12:52:46', NULL),
(24, 198, 1, '2018-08-19 12:52:46', NULL),
(24, 199, 1, '2018-08-19 12:52:46', NULL),
(24, 254, 1, '2018-08-19 12:52:46', NULL),
(24, 255, 1, '2018-08-19 12:52:46', NULL),
(24, 256, 1, '2018-08-19 12:52:46', NULL),
(24, 257, 1, '2018-08-19 12:52:46', NULL),
(24, 275, 1, '2018-08-19 12:52:46', NULL),
(24, 276, 1, '2018-08-19 12:52:46', NULL),
(24, 277, 1, '2018-08-19 12:52:46', NULL),
(24, 278, 1, '2018-08-19 12:52:46', NULL),
(24, 279, 1, '2018-08-19 12:52:46', NULL),
(24, 280, 1, '2018-08-19 12:52:46', NULL),
(24, 281, 1, '2018-08-19 12:52:46', NULL),
(24, 283, 1, '2018-08-19 12:52:46', NULL),
(24, 284, 1, '2018-08-19 12:52:46', NULL),
(24, 285, 1, '2018-08-19 12:52:46', NULL),
(24, 286, 1, '2018-08-19 12:52:46', NULL),
(24, 291, 1, '2018-08-19 12:52:46', NULL),
(24, 306, 1, '2018-08-19 12:52:46', NULL),
(24, 307, 1, '2018-08-19 12:52:46', NULL),
(24, 308, 1, '2018-08-19 12:52:46', NULL),
(24, 309, 1, '2018-08-19 12:52:46', NULL),
(24, 310, 1, '2018-08-19 12:52:46', NULL),
(24, 316, 1, '2018-08-19 12:52:46', NULL),
(24, 317, 1, '2018-08-19 12:52:46', NULL),
(24, 318, 1, '2018-08-19 12:52:46', NULL),
(24, 319, 1, '2018-08-19 12:52:46', NULL),
(24, 320, 1, '2018-08-19 12:52:46', NULL),
(24, 339, 1, '2018-08-19 12:52:46', NULL),
(24, 351, 1, '2018-08-19 12:52:46', NULL),
(24, 354, 1, '2018-08-19 12:52:46', NULL),
(24, 355, 1, '2018-08-19 12:52:46', NULL),
(24, 373, 1, '2018-08-19 12:52:46', NULL),
(25, 173, 1, '2018-08-19 12:52:46', NULL),
(25, 174, 1, '2018-08-19 12:52:46', NULL),
(25, 175, 1, '2018-08-19 12:52:46', NULL),
(25, 176, 1, '2018-08-19 12:52:46', NULL),
(25, 177, 1, '2018-08-19 12:52:46', NULL),
(25, 178, 1, '2018-08-19 12:52:46', NULL),
(25, 179, 1, '2018-08-19 12:52:46', NULL),
(25, 180, 1, '2018-08-19 12:52:46', NULL),
(25, 181, 1, '2018-08-19 12:52:46', NULL),
(25, 182, 1, '2018-08-19 12:52:46', NULL),
(25, 183, 1, '2018-08-19 12:52:46', NULL),
(25, 184, 1, '2018-08-19 12:52:46', NULL),
(25, 185, 1, '2018-08-19 12:52:46', NULL),
(25, 186, 1, '2018-08-19 12:52:46', NULL),
(25, 187, 1, '2018-08-19 12:52:46', NULL),
(25, 188, 1, '2018-08-19 12:52:46', NULL),
(25, 189, 1, '2018-08-19 12:52:46', NULL),
(25, 190, 1, '2018-08-19 12:52:46', NULL),
(25, 191, 1, '2018-08-19 12:52:46', NULL),
(25, 192, 1, '2018-08-19 12:52:46', NULL),
(25, 193, 1, '2018-08-19 12:52:46', NULL),
(25, 194, 1, '2018-08-19 12:52:46', NULL),
(25, 195, 1, '2018-08-19 12:52:46', NULL),
(25, 196, 1, '2018-08-19 12:52:46', NULL),
(25, 197, 1, '2018-08-19 12:52:46', NULL),
(25, 198, 1, '2018-08-19 12:52:46', NULL),
(25, 199, 1, '2018-08-19 12:52:46', NULL),
(25, 254, 1, '2018-08-19 12:52:46', NULL),
(25, 255, 1, '2018-08-19 12:52:46', NULL),
(25, 256, 1, '2018-08-19 12:52:46', NULL),
(25, 257, 1, '2018-08-19 12:52:46', NULL),
(25, 275, 1, '2018-08-19 12:52:46', NULL),
(25, 276, 1, '2018-08-19 12:52:46', NULL),
(25, 277, 1, '2018-08-19 12:52:46', NULL),
(25, 278, 1, '2018-08-19 12:52:46', NULL),
(25, 279, 1, '2018-08-19 12:52:46', NULL),
(25, 280, 1, '2018-08-19 12:52:46', NULL),
(25, 281, 1, '2018-08-19 12:52:46', NULL),
(25, 283, 1, '2018-08-19 12:52:46', NULL),
(25, 284, 1, '2018-08-19 12:52:46', NULL),
(25, 285, 1, '2018-08-19 12:52:46', NULL),
(25, 286, 1, '2018-08-19 12:52:46', NULL),
(25, 291, 1, '2018-08-19 12:52:46', NULL),
(25, 306, 1, '2018-08-19 12:52:46', NULL),
(25, 307, 1, '2018-08-19 12:52:46', NULL),
(25, 308, 1, '2018-08-19 12:52:46', NULL),
(25, 309, 1, '2018-08-19 12:52:46', NULL),
(25, 310, 1, '2018-08-19 12:52:46', NULL),
(25, 316, 1, '2018-08-19 12:52:46', NULL),
(25, 317, 1, '2018-08-19 12:52:46', NULL),
(25, 318, 1, '2018-08-19 12:52:46', NULL),
(25, 319, 1, '2018-08-19 12:52:46', NULL),
(25, 320, 1, '2018-08-19 12:52:46', NULL),
(25, 339, 1, '2018-08-19 12:52:46', NULL),
(25, 351, 1, '2018-08-19 12:52:46', NULL),
(25, 354, 1, '2018-08-19 12:52:46', NULL),
(25, 355, 1, '2018-08-19 12:52:46', NULL),
(25, 373, 1, '2018-08-19 12:52:46', NULL),
(26, 173, 1, '2018-08-19 12:52:46', NULL),
(26, 174, 1, '2018-08-19 12:52:46', NULL),
(26, 175, 1, '2018-08-19 12:52:46', NULL),
(26, 176, 1, '2018-08-19 12:52:46', NULL),
(26, 177, 1, '2018-08-19 12:52:46', NULL),
(26, 178, 1, '2018-08-19 12:52:46', NULL),
(26, 179, 1, '2018-08-19 12:52:46', NULL),
(26, 180, 1, '2018-08-19 12:52:46', NULL),
(26, 181, 1, '2018-08-19 12:52:46', NULL),
(26, 182, 1, '2018-08-19 12:52:46', NULL),
(26, 183, 1, '2018-08-19 12:52:46', NULL),
(26, 184, 1, '2018-08-19 12:52:46', NULL),
(26, 185, 1, '2018-08-19 12:52:46', NULL),
(26, 186, 1, '2018-08-19 12:52:46', NULL),
(26, 187, 1, '2018-08-19 12:52:46', NULL),
(26, 188, 1, '2018-08-19 12:52:46', NULL),
(26, 189, 1, '2018-08-19 12:52:46', NULL),
(26, 190, 1, '2018-08-19 12:52:46', NULL),
(26, 191, 1, '2018-08-19 12:52:46', NULL),
(26, 192, 1, '2018-08-19 12:52:46', NULL),
(26, 193, 1, '2018-08-19 12:52:46', NULL),
(26, 194, 1, '2018-08-19 12:52:46', NULL),
(26, 195, 1, '2018-08-19 12:52:46', NULL),
(26, 196, 1, '2018-08-19 12:52:46', NULL),
(26, 197, 1, '2018-08-19 12:52:46', NULL),
(26, 198, 1, '2018-08-19 12:52:46', NULL),
(26, 199, 1, '2018-08-19 12:52:46', NULL),
(26, 254, 1, '2018-08-19 12:52:46', NULL),
(26, 255, 1, '2018-08-19 12:52:46', NULL),
(26, 256, 1, '2018-08-19 12:52:46', NULL),
(26, 257, 1, '2018-08-19 12:52:46', NULL),
(26, 275, 1, '2018-08-19 12:52:46', NULL),
(26, 276, 1, '2018-08-19 12:52:46', NULL),
(26, 277, 1, '2018-08-19 12:52:46', NULL),
(26, 278, 1, '2018-08-19 12:52:46', NULL),
(26, 279, 1, '2018-08-19 12:52:46', NULL),
(26, 280, 1, '2018-08-19 12:52:46', NULL),
(26, 281, 1, '2018-08-19 12:52:46', NULL),
(26, 283, 1, '2018-08-19 12:52:46', NULL),
(26, 284, 1, '2018-08-19 12:52:46', NULL),
(26, 285, 1, '2018-08-19 12:52:46', NULL),
(26, 286, 1, '2018-08-19 12:52:46', NULL),
(26, 291, 1, '2018-08-19 12:52:46', NULL),
(26, 306, 1, '2018-08-19 12:52:46', NULL),
(26, 307, 1, '2018-08-19 12:52:46', NULL),
(26, 308, 1, '2018-08-19 12:52:46', NULL),
(26, 309, 1, '2018-08-19 12:52:46', NULL),
(26, 310, 1, '2018-08-19 12:52:46', NULL),
(26, 316, 1, '2018-08-19 12:52:46', NULL),
(26, 317, 1, '2018-08-19 12:52:46', NULL),
(26, 318, 1, '2018-08-19 12:52:46', NULL),
(26, 319, 1, '2018-08-19 12:52:46', NULL),
(26, 320, 1, '2018-08-19 12:52:46', NULL),
(26, 339, 1, '2018-08-19 12:52:46', NULL),
(26, 351, 1, '2018-08-19 12:52:46', NULL),
(26, 354, 1, '2018-08-19 12:52:46', NULL),
(26, 355, 1, '2018-08-19 12:52:46', NULL),
(26, 373, 1, '2018-08-19 12:52:46', NULL),
(27, 173, 1, '2018-08-19 12:52:46', NULL),
(27, 174, 1, '2018-08-19 12:52:46', NULL),
(27, 175, 1, '2018-08-19 12:52:46', NULL),
(27, 176, 1, '2018-08-19 12:52:46', NULL),
(27, 177, 1, '2018-08-19 12:52:46', NULL),
(27, 178, 1, '2018-08-19 12:52:46', NULL),
(27, 179, 1, '2018-08-19 12:52:46', NULL),
(27, 180, 1, '2018-08-19 12:52:46', NULL),
(27, 181, 1, '2018-08-19 12:52:46', NULL),
(27, 182, 1, '2018-08-19 12:52:46', NULL),
(27, 183, 1, '2018-08-19 12:52:46', NULL),
(27, 184, 1, '2018-08-19 12:52:46', NULL),
(27, 185, 1, '2018-08-19 12:52:46', NULL),
(27, 186, 1, '2018-08-19 12:52:46', NULL),
(27, 187, 1, '2018-08-19 12:52:46', NULL),
(27, 188, 1, '2018-08-19 12:52:46', NULL),
(27, 189, 1, '2018-08-19 12:52:46', NULL),
(27, 190, 1, '2018-08-19 12:52:46', NULL),
(27, 191, 1, '2018-08-19 12:52:46', NULL),
(27, 192, 1, '2018-08-19 12:52:46', NULL),
(27, 193, 1, '2018-08-19 12:52:46', NULL),
(27, 194, 1, '2018-08-19 12:52:46', NULL),
(27, 195, 1, '2018-08-19 12:52:46', NULL),
(27, 196, 1, '2018-08-19 12:52:46', NULL),
(27, 197, 1, '2018-08-19 12:52:46', NULL),
(27, 198, 1, '2018-08-19 12:52:46', NULL),
(27, 199, 1, '2018-08-19 12:52:46', NULL),
(27, 254, 1, '2018-08-19 12:52:46', NULL),
(27, 255, 1, '2018-08-19 12:52:46', NULL),
(27, 256, 1, '2018-08-19 12:52:46', NULL),
(27, 257, 1, '2018-08-19 12:52:46', NULL),
(27, 275, 1, '2018-08-19 12:52:46', NULL),
(27, 276, 1, '2018-08-19 12:52:46', NULL),
(27, 277, 1, '2018-08-19 12:52:46', NULL),
(27, 278, 1, '2018-08-19 12:52:46', NULL),
(27, 279, 1, '2018-08-19 12:52:46', NULL),
(27, 280, 1, '2018-08-19 12:52:46', NULL),
(27, 281, 1, '2018-08-19 12:52:46', NULL),
(27, 283, 1, '2018-08-19 12:52:46', NULL),
(27, 284, 1, '2018-08-19 12:52:46', NULL),
(27, 285, 1, '2018-08-19 12:52:46', NULL),
(27, 286, 1, '2018-08-19 12:52:46', NULL),
(27, 291, 1, '2018-08-19 12:52:46', NULL),
(27, 306, 1, '2018-08-19 12:52:46', NULL),
(27, 307, 1, '2018-08-19 12:52:46', NULL),
(27, 308, 1, '2018-08-19 12:52:46', NULL),
(27, 309, 1, '2018-08-19 12:52:46', NULL),
(27, 310, 1, '2018-08-19 12:52:46', NULL),
(27, 316, 1, '2018-08-19 12:52:46', NULL),
(27, 317, 1, '2018-08-19 12:52:46', NULL),
(27, 318, 1, '2018-08-19 12:52:46', NULL),
(27, 319, 1, '2018-08-19 12:52:46', NULL),
(27, 320, 1, '2018-08-19 12:52:46', NULL),
(27, 339, 1, '2018-08-19 12:52:46', NULL),
(27, 351, 1, '2018-08-19 12:52:46', NULL),
(27, 354, 1, '2018-08-19 12:52:46', NULL),
(27, 355, 1, '2018-08-19 12:52:46', NULL),
(27, 373, 1, '2018-08-19 12:52:46', NULL),
(28, 173, 1, '2018-08-19 12:52:46', NULL),
(28, 174, 1, '2018-08-19 12:52:46', NULL),
(28, 175, 1, '2018-08-19 12:52:46', NULL),
(28, 176, 1, '2018-08-19 12:52:46', NULL),
(28, 177, 1, '2018-08-19 12:52:46', NULL),
(28, 178, 1, '2018-08-19 12:52:46', NULL),
(28, 179, 1, '2018-08-19 12:52:46', NULL),
(28, 180, 1, '2018-08-19 12:52:46', NULL),
(28, 181, 1, '2018-08-19 12:52:46', NULL),
(28, 182, 1, '2018-08-19 12:52:46', NULL),
(28, 183, 1, '2018-08-19 12:52:46', NULL),
(28, 184, 1, '2018-08-19 12:52:46', NULL),
(28, 185, 1, '2018-08-19 12:52:46', NULL),
(28, 186, 1, '2018-08-19 12:52:46', NULL),
(28, 187, 1, '2018-08-19 12:52:46', NULL),
(28, 188, 1, '2018-08-19 12:52:46', NULL),
(28, 189, 1, '2018-08-19 12:52:46', NULL),
(28, 190, 1, '2018-08-19 12:52:46', NULL),
(28, 191, 1, '2018-08-19 12:52:46', NULL),
(28, 192, 1, '2018-08-19 12:52:46', NULL),
(28, 193, 1, '2018-08-19 12:52:46', NULL),
(28, 194, 1, '2018-08-19 12:52:46', NULL),
(28, 195, 1, '2018-08-19 12:52:46', NULL),
(28, 196, 1, '2018-08-19 12:52:46', NULL),
(28, 197, 1, '2018-08-19 12:52:46', NULL),
(28, 198, 1, '2018-08-19 12:52:46', NULL),
(28, 199, 1, '2018-08-19 12:52:46', NULL),
(28, 254, 1, '2018-08-19 12:52:46', NULL),
(28, 255, 1, '2018-08-19 12:52:46', NULL),
(28, 256, 1, '2018-08-19 12:52:46', NULL),
(28, 257, 1, '2018-08-19 12:52:46', NULL),
(28, 275, 1, '2018-08-19 12:52:46', NULL),
(28, 276, 1, '2018-08-19 12:52:46', NULL),
(28, 277, 1, '2018-08-19 12:52:46', NULL),
(28, 278, 1, '2018-08-19 12:52:46', NULL),
(28, 279, 1, '2018-08-19 12:52:46', NULL),
(28, 280, 1, '2018-08-19 12:52:46', NULL),
(28, 281, 1, '2018-08-19 12:52:46', NULL),
(28, 283, 1, '2018-08-19 12:52:46', NULL),
(28, 284, 1, '2018-08-19 12:52:46', NULL),
(28, 285, 1, '2018-08-19 12:52:46', NULL),
(28, 286, 1, '2018-08-19 12:52:46', NULL),
(28, 291, 1, '2018-08-19 12:52:46', NULL),
(28, 306, 1, '2018-08-19 12:52:46', NULL),
(28, 307, 1, '2018-08-19 12:52:46', NULL),
(28, 308, 1, '2018-08-19 12:52:46', NULL),
(28, 309, 1, '2018-08-19 12:52:46', NULL),
(28, 310, 1, '2018-08-19 12:52:46', NULL),
(28, 316, 1, '2018-08-19 12:52:46', NULL),
(28, 317, 1, '2018-08-19 12:52:46', NULL),
(28, 318, 1, '2018-08-19 12:52:46', NULL),
(28, 319, 1, '2018-08-19 12:52:46', NULL),
(28, 320, 1, '2018-08-19 12:52:46', NULL),
(28, 339, 1, '2018-08-19 12:52:46', NULL),
(28, 351, 1, '2018-08-19 12:52:46', NULL),
(28, 354, 1, '2018-08-19 12:52:46', NULL),
(28, 355, 1, '2018-08-19 12:52:46', NULL),
(28, 373, 1, '2018-08-19 12:52:46', NULL),
(29, 189, 1, '2018-08-19 12:53:14', NULL),
(29, 190, 1, '2018-08-19 12:53:14', NULL),
(30, 189, 1, '2018-08-19 12:53:14', NULL),
(30, 190, 1, '2018-08-19 12:53:14', NULL),
(31, 189, 1, '2018-08-19 12:53:14', NULL),
(31, 190, 1, '2018-08-19 12:53:14', NULL),
(32, 189, 1, '2018-08-19 12:53:14', NULL),
(32, 190, 1, '2018-08-19 12:53:14', NULL),
(33, 189, 1, '2018-08-19 12:53:14', NULL),
(33, 190, 1, '2018-08-19 12:53:14', NULL),
(34, 189, 1, '2018-08-19 12:53:14', NULL),
(34, 190, 1, '2018-08-19 12:53:14', NULL),
(35, 189, 1, '2018-08-19 12:53:14', NULL),
(35, 190, 1, '2018-08-19 12:53:14', NULL),
(36, 189, 1, '2018-08-19 12:53:14', NULL),
(36, 190, 1, '2018-08-19 12:53:14', NULL),
(37, 189, 1, '2018-08-19 12:53:14', NULL),
(37, 190, 1, '2018-08-19 12:53:14', NULL),
(38, 189, 1, '2018-08-19 12:53:14', NULL),
(38, 190, 1, '2018-08-19 12:53:14', NULL),
(39, 189, 1, '2018-08-19 12:53:14', NULL),
(39, 190, 1, '2018-08-19 12:53:14', NULL),
(40, 211, 1, '2018-08-19 12:53:28', NULL),
(40, 212, 1, '2018-08-19 12:53:28', NULL),
(41, 211, 1, '2018-08-19 12:53:29', NULL),
(41, 212, 1, '2018-08-19 12:53:29', NULL),
(42, 211, 1, '2018-08-19 12:53:29', NULL),
(42, 212, 1, '2018-08-19 12:53:29', NULL),
(43, 211, 1, '2018-08-19 12:53:29', NULL),
(43, 212, 1, '2018-08-19 12:53:29', NULL),
(44, 211, 1, '2018-08-19 12:53:29', NULL),
(44, 212, 1, '2018-08-19 12:53:29', NULL),
(45, 211, 1, '2018-08-19 12:53:29', NULL),
(45, 212, 1, '2018-08-19 12:53:29', NULL),
(46, 211, 1, '2018-08-19 12:53:29', NULL),
(46, 212, 1, '2018-08-19 12:53:29', NULL),
(47, 211, 1, '2018-08-19 12:53:29', NULL),
(47, 212, 1, '2018-08-19 12:53:29', NULL),
(48, 211, 1, '2018-08-19 12:53:29', NULL),
(48, 212, 1, '2018-08-19 12:53:29', NULL),
(49, 211, 1, '2018-08-19 12:53:29', NULL),
(49, 212, 1, '2018-08-19 12:53:29', NULL),
(50, 211, 1, '2018-08-19 12:53:29', NULL),
(50, 212, 1, '2018-08-19 12:53:29', NULL),
(51, 211, 1, '2018-08-19 12:53:29', NULL),
(51, 212, 1, '2018-08-19 12:53:29', NULL);

INSERT INTO `char_users` (`id`, `username`, `password`, `email`, `firstname`, `lastname`, `job_title`, `mobile`, `organization_id`, `parent_id`, `super_admin`, `status`, `remember_token`, `created_at`, `updated_at`, `deleted_at`) VALUES
(1, 'msafadi', '$2y$10$QygRA5C6cTIoXqIOgJMlwuuaHNxsbj3JcUIVudjq.9ultqjpSX96q', 'zienab@nepras.com', 'محمد', 'الصفدي', 'مبرمج', '0599885474', 1, NULL, 1, 1, 'giIIL095PB6CBe82cFriYxsbJ5bH91TsdysIqFaycNU62STCLZ8VHXIEOW9P', '2018-08-19 12:42:10', '2018-08-19 12:21:43', NULL),
(2, 'afarra', '$2y$10$60RFz.B1kR2b9VLCvO0BWOoTxRhezfh3lYYNHDWH2hTbrE07kzF3.', 'palmtrees1945@yahoo.com', 'عبدالله محمد', 'الفرا', 'مدير الجمعية', '059959959', 10, NULL, 0, 1, NULL, '2018-08-19 12:42:10', '2018-08-19 12:20:38', NULL),
(3, 'ibrais', '$2y$10$oCm/B8tIN2ztnK2hFE2q7.qjQOGnqnnwFnOfx9Mbol3LFL8D4BpVe', 'khanyounis@isocg.ps', 'إبراهيم', 'بريص', 'مدير الجمعية', '082054141', 2, NULL, 0, 1, NULL, '2018-08-19 12:42:10', '2018-08-19 12:20:38', NULL),
(4, 'sabudakka', '$2y$10$Cy3P3DgX0Wtn9aRvV06f9uskFIG1ePi6g0MyfzBhePR3xVRxUKt2K', 'alber_0010@hotmail.com', 'صهيب', 'أبو دقة', 'مدير الجمعية', '0822073459', 6, NULL, 0, 1, NULL, '2018-08-19 12:42:10', '2018-08-19 12:20:38', NULL),
(5, 'mmasri', '$2y$10$.79Kkn.2PIHNVf3rUWqJ6.k6TW.fAxZ6imXQCcE9kiQD2QcgldhBe', 'info@rahma.ps', 'محمد', 'المصري', 'مدير الجمعية', '082065959', 7, NULL, 0, 1, NULL, '2018-08-19 12:42:10', '2018-08-19 12:20:38', NULL),
(6, 'jabureesh', '$2y$10$WIgwbMhrQRqTp1Fl2ufJCOu2nZOSS479KlaqaACpO7kmrp8RlfGz.', 'sample@org.ps', 'جهاد', 'أبو الريش', 'مدير الجمعية', '0598809404', 8, NULL, 0, 1, NULL, '2018-08-19 12:42:10', '2018-08-19 12:20:39', NULL),
(7, 'aabumosa', '$2y$10$qBy1PDKYYQnyFfR7mXFj2.ukjlH7J55hXquMXU8oKsTJZSwb6rmty', 'sample2@org.ps', 'أنور', 'أبو موسى', 'مدير الجمعية', '082063370', 5, NULL, 0, 1, NULL, '2018-08-19 12:42:10', '2018-08-19 12:20:39', NULL),
(8, 'hmoamar', '$2y$10$tpx0AtgeLjZUo7ECMS/H9eK175zHkT6jXoGgft/5Ka8OID0X/zdve', 'sample3@org.ps', 'حذيفة', 'أو معمر', 'مدير الجمعية', '082052812', 11, NULL, 0, 1, NULL, '2018-08-19 12:42:10', '2018-08-19 12:20:39', NULL),
(9, 'kmahfoz', '$2y$10$fTnebB9VQCOkyE1iPcgtwuI.QxpFxOKiABFx9Lshrma6ySEgy0G7a', 'sample4@org.ps', 'كمال', 'محفوظ', 'مدير الجمعية 2016', '082052414', 9, NULL, 0, 1, NULL, '2018-08-19 12:42:10', '2018-08-19 12:20:39', NULL),
(10, 'mabujamea', '$2y$10$4SE7ljjUlveVenhC/sNx1.gOZX6LCH.Is5.alfwPZlMO2HFF9PH/q', 'sample5@org.ps', 'محمد', 'أبو جامع', 'مدير الجمعية', '082070811', 4, NULL, 0, 1, NULL, '2018-08-19 12:42:10', '2018-08-19 12:20:39', NULL),
(11, 'iqudaih', '$2y$10$pLu0vp/x0L4bTy2lspUpZeoqMulbCRaaAkCJVIZsEl9.9InLJRLRy', 'sample6@org.ps', 'أبراهيم', 'قديح', 'مدير الجمعية', '082082230', 3, NULL, 0, 1, NULL, '2018-08-19 12:42:10', '2018-08-19 12:20:39', NULL),
(12, 'oshurab', '$2y$10$zPYnEXu0bUdxcpA5wjY8y.SLEGg2FW/KkyBxx1dbjbweaDhWW4NCC', 'Eng.Osamaa85@hotmail.com', 'أسامة ', 'شراب', NULL, NULL, 9, 9, 0, 1, NULL, '2018-08-19 12:42:10', '2018-08-19 12:20:39', NULL),
(13, 'aid_msafadi', '$2y$10$tRmfhMdS.FfkB1JFURTpMeyUiCpJT79Ba7fvVOBSdN2FbWAa3E20C', 'aid_msafadi@org.ps', 'مدير', 'قسم المساعدات', 'مدير قسم المساعدات', NULL, 1, 1, 0, 1, NULL, '2018-08-19 13:19:21', '2018-08-19 12:20:39', NULL),
(14, 'aid_afarra', '$2y$10$AeoYbQo58bTDFG7b3uyEX.SEulabArPk.0N1Y3ubt8p7vBrjvCsIG', 'aid_afarra@org.ps', 'مدير', 'قسم المساعدات', 'مدير قسم المساعدات', NULL, 10, 2, 0, 1, NULL, '2018-08-19 13:19:21', '2018-08-19 12:20:39', NULL),
(15, 'aid_ibrais', '$2y$10$5JsnGXBRlyk8wu7OYjFBI.LxELt04kxcagpeYXm9816e4xz5vTiYi', 'aid_ibrais@org.ps', 'مدير', 'قسم المساعدات', 'مدير قسم المساعدات', NULL, 2, 3, 0, 1, NULL, '2018-08-19 13:19:21', '2018-08-19 12:20:39', NULL),
(16, 'aid_sabudakka', '$2y$10$Ic2XpD9XN4aSDyH6GozCJu6PcCAmLMGiwm4W1J.QGv.gCWonFVcyy', 'aid_sabudakka@org.ps', 'مدير', 'قسم المساعدات', 'مدير قسم المساعدات', NULL, 6, 4, 0, 1, NULL, '2018-08-19 13:19:21', '2018-08-19 12:20:40', NULL),
(17, 'aid_mmasri', '$2y$10$BNIfZKqOR87HGz2At7em7urZChn829SkagrfKEIbbv6UiTBRFA8Ve', 'aid_mmasri@org.ps', 'مدير', 'قسم المساعدات', 'مدير قسم المساعدات', NULL, 7, 5, 0, 1, NULL, '2018-08-19 13:19:21', '2018-08-19 12:20:40', NULL),
(18, 'aid_jabureesh', '$2y$10$HEgK5Auct3zb0BnBOTcNae4BBu8OnmkJLvVp5KGlntkYd7g3RfhHK', 'aid_jabureesh@org.ps', 'مدير', 'قسم المساعدات', 'مدير قسم المساعدات', NULL, 8, 6, 0, 1, NULL, '2018-08-19 13:19:21', '2018-08-19 12:20:40', NULL),
(19, 'aid_aabumosa', '$2y$10$qGtJlnnhbhE2XT6J2lPE7.ZousuCVTIJMyhpTkhOWf.owmr5n28Ae', 'aid_aabumosa@org.ps', 'مدير', 'قسم المساعدات', 'مدير قسم المساعدات', NULL, 5, 7, 0, 1, NULL, '2018-08-19 13:19:21', '2018-08-19 12:20:40', NULL),
(20, 'aid_hmoamar', '$2y$10$1tcSjMHN09sd2K29F3JrOefTR1prXtNRJocqqEwHnR4wdL7tiaJnu', 'aid_hmoamar@org.ps', 'مدير', 'قسم المساعدات', 'مدير قسم المساعدات', NULL, 11, 8, 0, 1, NULL, '2018-08-19 13:19:21', '2018-08-19 12:20:40', NULL),
(21, 'aid_kmahfoz', '$2y$10$9zxT7AIw2jV6TBeKTeW.mOOz.qynFf3GuNm9tG/RGavGlaOD7cFFq', 'aid_kmahfoz@org.ps', 'مدير', 'قسم المساعدات', 'مدير قسم المساعدات', NULL, 9, 9, 0, 1, NULL, '2018-08-19 13:19:21', '2018-08-19 12:20:40', NULL),
(22, 'aid_mabujamea', '$2y$10$N.F1lUGIUwdT7LNQHUDFUezk9qyT3YpvjaHM.X8dAKofJl7iAa1C2', 'aid_mabujamea@org.ps', 'مدير', 'قسم المساعدات', 'مدير قسم المساعدات', NULL, 4, 10, 0, 1, NULL, '2018-08-19 13:19:21', '2018-08-19 12:20:40', NULL),
(23, 'aid_iqudaih', '$2y$10$dPvjX5Do/KgxEB3dKqQiI.Y3vTC8kWwPDM5jb9jzeGL97ZNE1mfHu', 'aid_iqudaih@org.ps', 'مدير', 'قسم المساعدات', 'مدير قسم المساعدات', NULL, 3, 11, 0, 1, NULL, '2018-08-19 13:19:21', '2018-08-19 12:20:40', NULL),
(28, 'spon_msafadi', '$2y$10$uEWuzyYxNdQfuYhjt7NXX.WtkZ22lT8zn3X5gPoOeFi2.9yYbDn0O', 'spon_msafadi@org.ps', 'مدير', 'قسم الكفالات', 'مدير قسم الكفالات', NULL, 1, 1, 0, 1, NULL, '2018-08-19 13:19:58', '2018-08-19 12:20:41', NULL),
(29, 'spon_afarra', '$2y$10$yqqQOlIygUqKBBgJ16uoG.Shz4zeVKIBubH0Lyyh0mcLx/jekPcRq', 'spon_afarra@org.ps', 'مدير', 'قسم الكفالات', 'مدير قسم الكفالات', NULL, 10, 2, 0, 1, NULL, '2018-08-19 13:19:58', '2018-08-19 12:20:41', NULL),
(30, 'spon_ibrais', '$2y$10$NEvLtf4Y/uGXZCJnIOcdRe47c0cmdTpb9F7RE92dZCwAzInx//x0q', 'spon_ibrais@org.ps', 'مدير', 'قسم الكفالات', 'مدير قسم الكفالات', NULL, 2, 3, 0, 1, NULL, '2018-08-19 13:19:58', '2018-08-19 12:20:41', NULL),
(31, 'spon_sabudakka', '$2y$10$ixGKi0zZGewynwTMKTciqeinpO2wasiGanWZOxhmq5GRHcWJnzGSK', 'spon_sabudakka@org.ps', 'مدير', 'قسم الكفالات', 'مدير قسم الكفالات', NULL, 6, 4, 0, 1, NULL, '2018-08-19 13:19:58', '2018-08-19 12:20:41', NULL),
(32, 'spon_mmasri', '$2y$10$zQYP35PyGIg77z6Uld3xKOgZop8Dq7pLJBKQsV6WvYJ4yLiOCasL6', 'spon_mmasri@org.ps', 'مدير', 'قسم الكفالات', 'مدير قسم الكفالات', NULL, 7, 5, 0, 1, NULL, '2018-08-19 13:19:58', '2018-08-19 12:20:41', NULL),
(33, 'spon_jabureesh', '$2y$10$huQ0cDQ68C9cd5rSHpgkweulaTegmP0.6RIcivomNCV3vfyJvcczK', 'spon_jabureesh@org.ps', 'مدير', 'قسم الكفالات', 'مدير قسم الكفالات', NULL, 8, 6, 0, 1, NULL, '2018-08-19 13:19:58', '2018-08-19 12:20:41', NULL),
(34, 'spon_aabumosa', '$2y$10$M1seAoMZRyGnj2ZtnaLowua8xRkLHHX.VLMCdzmmdJz6WwbZg5wJe', 'spon_aabumosa@org.ps', 'مدير', 'قسم الكفالات', 'مدير قسم الكفالات', NULL, 5, 7, 0, 1, NULL, '2018-08-19 13:19:58', '2018-08-19 12:20:42', NULL),
(35, 'spon_hmoamar', '$2y$10$/KecOYt9ZAvCQhNwxgXAQ.Bq7iz0kv2sF5GFyt0lLMI4BDARJKvdy', 'spon_hmoamar@org.ps', 'مدير', 'قسم الكفالات', 'مدير قسم الكفالات', NULL, 11, 8, 0, 1, NULL, '2018-08-19 13:19:58', '2018-08-19 12:20:42', NULL),
(36, 'spon_kmahfoz', '$2y$10$CyuL936wkv01tZAAVSiSeOyh4y0OfEIF18BRyK1nyZsUMHjr9Z.Ya', 'spon_kmahfoz@org.ps', 'مدير', 'قسم الكفالات', 'مدير قسم الكفالات', NULL, 9, 9, 0, 1, NULL, '2018-08-19 13:19:58', '2018-08-19 12:20:42', NULL),
(37, 'spon_mabujamea', '$2y$10$VnyVfChcTQDEGR3QW/acb..c1d2FODy9JE.0A8q8D7bU4Xvl1Xt6q', 'spon_mabujamea@org.ps', 'مدير', 'قسم الكفالات', 'مدير قسم الكفالات', NULL, 4, 10, 0, 1, NULL, '2018-08-19 13:19:58', '2018-08-19 12:20:42', NULL),
(38, 'spon_iqudaih', '$2y$10$bBMJRxKB.xhhP2t8O50..Oy7Y4waH2h/un1sxq1NQqyj1lCcjIDKO', 'spon_iqudaih@org.ps', 'مدير', 'قسم الكفالات', 'مدير قسم الكفالات', NULL, 3, 11, 0, 1, NULL, '2018-08-19 13:19:58', '2018-08-19 12:20:42', NULL),
(43, 'enaid_msafadi', '$2y$10$6kKx4OqIMJgGwtXDwiZGl.fCkDZCp1kBmMMDjmAhL4CcYwwsH10za', 'enaid_msafadi@org.ps', 'مدخل', 'بيانات - قسم المساعدات', 'مدخل بيانات - قسم المساعدات	', NULL, 1, 1, 0, 1, NULL, '2018-08-19 13:22:02', '2018-08-19 12:20:42', NULL),
(44, 'enaid_afarra', '$2y$10$PGAVzmLAz9BMsJv1eGZc/eTilYChCcS/UYQdIfAW.BprFvKIfAcMW', 'enaid_afarra@org.ps', 'مدخل', 'بيانات - قسم المساعدات', 'مدخل بيانات - قسم المساعدات	', NULL, 10, 2, 0, 1, NULL, '2018-08-19 13:22:02', '2018-08-19 12:20:42', NULL),
(45, 'enaid_ibrais', '$2y$10$ucndq14kvPlF1DG9X1w09..2iSjH.8XsuVg9AVfhcBLuVhfJyRWZS', 'enaid_ibrais@org.ps', 'مدخل', 'بيانات - قسم المساعدات', 'مدخل بيانات - قسم المساعدات	', NULL, 2, 3, 0, 1, NULL, '2018-08-19 13:22:02', '2018-08-19 12:20:42', NULL),
(46, 'enaid_sabudakka', '$2y$10$sp/S6buJeGeEw/AdUUmpHeqflLzusrGsf8ODIQEnZGBqL2UWPvBVm', 'enaid_sabudakka@org.ps', 'مدخل', 'بيانات - قسم المساعدات', 'مدخل بيانات - قسم المساعدات	', NULL, 6, 4, 0, 1, NULL, '2018-08-19 13:22:02', '2018-08-19 12:20:42', NULL),
(47, 'enaid_mmasri', '$2y$10$7nOlQsp.VABEpShAZyYhXe6rA/ataFYOXPxRQRwt.o9rIDwk8t6ty', 'enaid_mmasri@org.ps', 'مدخل', 'بيانات - قسم المساعدات', 'مدخل بيانات - قسم المساعدات	', NULL, 7, 5, 0, 1, NULL, '2018-08-19 13:22:02', '2018-08-19 12:20:43', NULL),
(48, 'enaid_jabureesh', '$2y$10$s2eVd2TkljYfX896WreWmOqMfPUbrdeUomPa2xrYQ64WkYVDJlWkm', 'enaid_jabureesh@org.ps', 'مدخل', 'بيانات - قسم المساعدات', 'مدخل بيانات - قسم المساعدات	', NULL, 8, 6, 0, 1, NULL, '2018-08-19 13:22:02', '2018-08-19 12:20:43', NULL),
(49, 'enaid_aabumosa', '$2y$10$AgeB8PFTCBISWhFrHgtU4u9lhYlJI8fD8CVD9bIcIZ7BqXjNNRZ66', 'enaid_aabumosa@org.ps', 'مدخل', 'بيانات - قسم المساعدات', 'مدخل بيانات - قسم المساعدات	', NULL, 5, 7, 0, 1, NULL, '2018-08-19 13:22:02', '2018-08-19 12:20:43', NULL),
(50, 'enaid_hmoamar', '$2y$10$LWx07reAah.N4gonJN0YFe1iKjU.cMZG3q0le.Sayg5bB3XXdm032', 'enaid_hmoamar@org.ps', 'مدخل', 'بيانات - قسم المساعدات', 'مدخل بيانات - قسم المساعدات	', NULL, 11, 8, 0, 1, NULL, '2018-08-19 13:22:02', '2018-08-19 12:20:43', NULL),
(51, 'enaid_kmahfoz', '$2y$10$hqp0I8BZrJEdXrliYw0Tm.oamgGpymUnAFKOBs.QHiXgs.0IVqtKG', 'enaid_kmahfoz@org.ps', 'مدخل', 'بيانات - قسم المساعدات', 'مدخل بيانات - قسم المساعدات	', NULL, 9, 9, 0, 1, NULL, '2018-08-19 13:22:02', '2018-08-19 12:20:43', NULL),
(52, 'enaid_mabujamea', '$2y$10$.KhLDpNGMypugqGMh8W0sOZU4FZJqXmEqiRkLWI9hNA/8lK1KBD9C', 'enaid_mabujamea@org.ps', 'مدخل', 'بيانات - قسم المساعدات', 'مدخل بيانات - قسم المساعدات	', NULL, 4, 10, 0, 1, NULL, '2018-08-19 13:22:02', '2018-08-19 12:20:43', NULL),
(53, 'enaid_iqudaih', '$2y$10$CtditmLjpM1UDhZC9JWuq.IWoujhj/7feGXmks9QGqq//M43Xltte', 'enaid_iqudaih@org.ps', 'مدخل', 'بيانات - قسم المساعدات', 'مدخل بيانات - قسم المساعدات	', NULL, 3, 11, 0, 1, NULL, '2018-08-19 13:22:02', '2018-08-19 12:20:43', NULL),
(58, 'enspon_msafadi', '$2y$10$B/KBL8LG8IcR6YqeQqDQye0NONU3nswe3c5MbwmAvcHbvRjTUlLBi', 'enspon_msafadi@org.ps', 'مدخل', 'بيانات - قسم  الكفالات', 'مدخل بيانات - قسم الكفالات	', NULL, 1, 1, 0, 1, NULL, '2018-08-19 13:22:02', '2018-08-19 12:20:44', NULL),
(59, 'enspon_afarra', '$2y$10$k4MZIfKe/2XPL5.4K0I0BevUVJ.hQo6xQoQ/9W2I4zG6gRLWJ20W2', 'enspon_afarra@org.ps', 'مدخل', 'بيانات - قسم  الكفالات', 'مدخل بيانات - قسم الكفالات	', NULL, 10, 2, 0, 1, NULL, '2018-08-19 13:22:02', '2018-08-19 12:20:44', NULL),
(60, 'enspon_ibrais', '$2y$10$yXF6O2byUwCCPkAVgfWSv.pmeEUYi20y5NBvkHU9zyDSbK16fAafa', 'enspon_ibrais@org.ps', 'مدخل', 'بيانات - قسم  الكفالات', 'مدخل بيانات - قسم الكفالات	', NULL, 2, 3, 0, 1, NULL, '2018-08-19 13:22:02', '2018-08-19 12:20:44', NULL),
(61, 'enspon_sabudakka', '$2y$10$ocBb4bNA9HB.HEdk1E0JEuhCPHOfn6DfbyuTpJZ61hfWzzHY.xkYW', 'enspon_sabudakka@org.ps', 'مدخل', 'بيانات - قسم  الكفالات', 'مدخل بيانات - قسم الكفالات	', NULL, 6, 4, 0, 1, NULL, '2018-08-19 13:22:02', '2018-08-19 12:20:44', NULL),
(62, 'enspon_mmasri', '$2y$10$QKLN86.rGURVuD2sGUji..gmfDjoeTEqD1vBhfDfa58UM2flBIzmS', 'enspon_mmasri@org.ps', 'مدخل', 'بيانات - قسم  الكفالات', 'مدخل بيانات - قسم الكفالات	', NULL, 7, 5, 0, 1, NULL, '2018-08-19 13:22:02', '2018-08-19 12:20:44', NULL),
(63, 'enspon_jabureesh', '$2y$10$A5O.UqIwle64gzbrzSZ0rOh3w2JhRHpxEzol7uCJsL9shNF6WZxHy', 'enspon_jabureesh@org.ps', 'مدخل', 'بيانات - قسم  الكفالات', 'مدخل بيانات - قسم الكفالات	', NULL, 8, 6, 0, 1, NULL, '2018-08-19 13:22:02', '2018-08-19 12:20:44', NULL),
(64, 'enspon_aabumosa', '$2y$10$jHUhrVNKYnVgd5Ix9esxZe4cwYLFkaS1hAE49moWe0qtk8LxAi8SO', 'enspon_aabumosa@org.ps', 'مدخل', 'بيانات - قسم  الكفالات', 'مدخل بيانات - قسم الكفالات	', NULL, 5, 7, 0, 1, NULL, '2018-08-19 13:22:02', '2018-08-19 12:20:45', NULL),
(65, 'enspon_hmoamar', '$2y$10$NTeZsPrdo1xDG70/cHy01ekFag1SHr81CgDgOzkH2e.4zltvq/bVW', 'enspon_hmoamar@org.ps', 'مدخل', 'بيانات - قسم  الكفالات', 'مدخل بيانات - قسم الكفالات	', NULL, 11, 8, 0, 1, NULL, '2018-08-19 13:22:02', '2018-08-19 12:20:45', NULL),
(66, 'enspon_kmahfoz', '$2y$10$ajIgbd6dMxGfn1w2NzdPZOnOALI4z1JSogMdz9hAZZR1wIqGtLEOm', 'enspon_kmahfoz@org.ps', 'مدخل', 'بيانات - قسم  الكفالات', 'مدخل بيانات - قسم الكفالات	', NULL, 9, 9, 0, 1, NULL, '2018-08-19 13:22:02', '2018-08-19 12:20:45', NULL),
(67, 'enspon_mabujamea', '$2y$10$eopyUjjxB7zu0qI32RWeoefcREvhAQbyNUJhi0zsIbxkHsbN4Ii.S', 'enspon_mabujamea@org.ps', 'مدخل', 'بيانات - قسم  الكفالات', 'مدخل بيانات - قسم الكفالات	', NULL, 4, 10, 0, 1, NULL, '2018-08-19 13:22:02', '2018-08-19 12:20:45', NULL),
(68, 'enspon_iqudaih', '$2y$10$LKXnwvUuSLtTPszOhXjb0uHzlmh1DwpYpHG0wW3t9i01RHMJrjgu.', 'enspon_iqudaih@org.ps', 'مدخل', 'بيانات - قسم  الكفالات', 'مدخل بيانات - قسم الكفالات	', NULL, 3, 11, 0, 1, NULL, '2018-08-19 13:22:02', '2018-08-19 12:20:45', NULL);
